file_name,participant_id,rows,source_basis,status
5_session-001_ldt_20260512_170000_sit.csv,5,298,deterministic pilot-seeded simulation,simulated_test_file
6_session-001_ldt_20260512_170100_sit.csv,6,298,deterministic pilot-seeded simulation,simulated_test_file
7_session-001_ldt_20260512_170200_sit.csv,7,298,deterministic pilot-seeded simulation,simulated_test_file
8_session-001_ldt_20260512_170300_sit.csv,8,298,deterministic pilot-seeded simulation,simulated_test_file
9_session-001_ldt_20260512_170400_sit.csv,9,298,deterministic pilot-seeded simulation,simulated_test_file
10_session-001_ldt_20260512_170500_sit.csv,10,298,deterministic pilot-seeded simulation,simulated_test_file
11_session-001_ldt_20260512_170600_sit.csv,11,298,deterministic pilot-seeded simulation,simulated_test_file
12_session-001_ldt_20260512_170700_sit.csv,12,298,deterministic pilot-seeded simulation,simulated_test_file
13_session-001_ldt_20260512_170800_sit.csv,13,298,deterministic pilot-seeded simulation,simulated_test_file
14_session-001_ldt_20260512_170900_sit.csv,14,298,deterministic pilot-seeded simulation,simulated_test_file
15_session-001_ldt_20260512_171000_sit.csv,15,298,deterministic pilot-seeded simulation,simulated_test_file
16_session-001_ldt_20260512_171100_sit.csv,16,298,deterministic pilot-seeded simulation,simulated_test_file
17_session-001_ldt_20260512_171200_sit.csv,17,298,deterministic pilot-seeded simulation,simulated_test_file
18_session-001_ldt_20260512_171300_sit.csv,18,298,deterministic pilot-seeded simulation,simulated_test_file
19_session-001_ldt_20260512_171400_sit.csv,19,298,deterministic pilot-seeded simulation,simulated_test_file
20_session-001_ldt_20260512_171500_sit.csv,20,298,deterministic pilot-seeded simulation,simulated_test_file
21_session-001_ldt_20260512_171600_sit.csv,21,298,deterministic pilot-seeded simulation,simulated_test_file
22_session-001_ldt_20260512_171700_sit.csv,22,298,deterministic pilot-seeded simulation,simulated_test_file
23_session-001_ldt_20260512_171800_sit.csv,23,298,deterministic pilot-seeded simulation,simulated_test_file
24_session-001_ldt_20260512_171900_sit.csv,24,298,deterministic pilot-seeded simulation,simulated_test_file
25_session-001_ldt_20260512_172000_sit.csv,25,298,deterministic pilot-seeded simulation,simulated_test_file
26_session-001_ldt_20260512_172100_sit.csv,26,298,deterministic pilot-seeded simulation,simulated_test_file
27_session-001_ldt_20260512_172200_sit.csv,27,298,deterministic pilot-seeded simulation,simulated_test_file
28_session-001_ldt_20260512_172300_sit.csv,28,298,deterministic pilot-seeded simulation,simulated_test_file
29_session-001_ldt_20260512_172400_sit.csv,29,298,deterministic pilot-seeded simulation,simulated_test_file
