stimulus,condition,syllable_length,frequency_group,presentations,accuracy,median_rt,mean_rt,incorrect_count,missing_rt_count,flags
b?a,pseudoword,1,control,20,0.7,0.647412,0.646863,6,2,
b?c vi?n,pseudoword,2,control,20,0.85,0.855306,0.865962,3,0,
b?nh vi?n,word,2,low,20,0.95,0.557635,0.52927,1,0,
bi?c pháp,pseudoword,2,control,20,0.85,0.87482,0.847637,3,1,
biệc pháp,pseudoword,2,control,11,0.818182,0.76352,0.76914,2,0,
bệc viện,pseudoword,2,control,11,0.727273,0.740294,0.725088,3,0,
bệnh viện,word,2,low,11,1,0.532624,0.527893,0,0,
bửa,pseudoword,1,control,11,0.727273,0.59673,0.549887,3,0,
c?a hàc,pseudoword,2,control,20,0.9,0.79443,0.815541,2,0,
c?c,word,1,low,20,0.95,0.475524,0.471594,1,0,
ch?,word,1,low,20,1,0.419669,0.41367,0,0,
ch? c?a hàc,pseudoword,3,control,20,0.95,0.890552,0.926714,1,0,
ch? c?a hàng,word,3,low,20,0.95,0.8023,0.833903,1,0,
chuy?n t́nh c?m,word,3,high,20,0.75,0.57887,0.554739,5,1,
chuyên viên tu v?n,word,4,high,20,1,0.651002,0.761653,0,0,
chuyên viên tư vấn,word,4,high,11,1,0.624362,0.588082,0,0,
chuyện tình cảm,word,3,high,11,1,0.545686,0.580372,0,0,
chợ,word,1,low,11,1,0.415575,0.420383,0,0,
chủ cửa hàc,pseudoword,3,control,11,0.909091,0.830343,0.866492,1,0,
chủ cửa hàng,word,3,low,11,1,0.794226,0.894078,0,0,
co s? s?n xu?t,word,4,low,20,0.9,0.881388,0.85716,2,0,
co só s?n xu?t,pseudoword,4,control,20,0.8,1.099283,1.071018,4,1,
cu?c hôn nhâc,pseudoword,3,control,20,0.9,0.98029,1.047274,2,0,
cuộc hôn nhâc,pseudoword,3,control,11,1,0.881207,0.894367,0,0,
cá thác lác,word,3,mid,31,0.903226,0.702776,0.69171,3,0,
câu tr? l?i,word,3,high,20,0.9,0.56293,0.543522,2,0,
câu trả lời,word,3,high,11,0.909091,0.55415,0.556044,1,0,
cây,word,1,mid,31,1,0.433331,0.436635,0,0,
cây xanh,word,2,low,31,0.935484,0.573022,0.576732,2,0,
côc,pseudoword,1,control,31,0.83871,0.644443,0.623275,5,1,
côm ty,pseudoword,2,control,31,0.870968,0.785011,0.766508,4,0,
công ngh? thông tin,word,4,mid,20,0.9,0.790234,0.770981,2,0,
công nghi?p,word,2,high,20,0.95,0.383062,0.40148,1,0,
công nghiệp,word,2,high,11,1,0.479111,0.486179,0,0,
công nghệ thông tin,word,4,mid,11,1,0.575786,0.601854,0,0,
công ty,word,2,high,31,1,0.399332,0.393538,0,0,
cơ só sản xuất,pseudoword,4,control,11,0.636364,0.964221,0.934874,4,0,
cơ sở sản xuất,word,4,low,11,1,0.638636,0.658626,0,0,
cốc,word,1,low,11,1,0.472939,0.476475,0,0,
cửa hàc,pseudoword,2,control,11,0.909091,0.621546,0.643138,1,0,
d? n?i th?t,word,3,mid,20,0.95,0.702642,0.751247,1,1,
d?m ki?n xă h?i,pseudoword,4,control,20,0.8,1.116938,1.148069,4,0,
d?ng nghi?p,word,2,high,20,1,0.429809,0.425951,0,0,
d?nh ki?n xă h?i,word,4,low,20,0.9,0.864411,0.85197,2,0,
d?t,word,1,mid,20,1,0.454901,0.525337,0,0,
di?n dàn qu?c t?,word,4,low,20,0.9,0.850438,0.851288,2,0,
di?n tho?i di d?ng,word,4,high,20,0.95,0.594318,0.597597,1,0,
diễn đàn quốc tế,word,4,low,11,0.909091,0.807382,0.763474,1,0,
dâ,pseudoword,1,control,20,0.9,0.665124,0.678061,2,0,
dân,word,1,mid,31,1,0.404537,0.422439,0,0,
dèn,word,1,high,20,0.95,0.364468,0.378157,1,0,
giá,word,1,high,31,1,0.338408,0.361163,0,0,
giá thàc,pseudoword,2,control,31,0.903226,0.796907,0.835026,3,0,
giám dóc công ty,pseudoword,4,control,20,0.85,1.037905,1.068386,3,0,
giám đóc công ty,pseudoword,4,control,11,0.818182,0.99597,0.98879,2,0,
giáo d?c,word,2,mid,20,0.95,0.508246,0.52567,1,0,
giáo dục,word,2,mid,11,1,0.542013,0.524076,0,0,
gió,word,1,mid,31,1,0.471297,0.464116,0,0,
h? th?ng,word,2,high,20,1,0.404054,0.409853,0,0,
h? thóng,pseudoword,2,control,20,0.75,0.840951,0.883714,5,0,
h?c th?c,pseudoword,2,control,20,0.8,0.854243,0.85678,4,0,
h?nh phúc gia d́nh,word,4,high,20,0.95,0.585474,0.593217,1,0,
ho?t d?ng xă h?i,word,4,mid,20,1,0.735063,0.754259,0,0,
hoi nu?c,word,2,low,20,1,0.609341,0.614633,0,0,
hoi nu?m,pseudoword,2,control,20,0.9,0.856758,0.857694,2,1,
hoạt động xã hội,word,4,mid,11,1,0.654321,0.667625,0,0,
hàc,pseudoword,1,control,31,0.83871,0.643255,0.658513,5,1,
hình chữ nhật,word,3,high,11,1,0.549303,0.556203,0,0,
hó,pseudoword,1,control,31,0.83871,0.650387,0.636255,5,0,
hónh phúc gia d́nh,pseudoword,4,control,20,0.85,1.128441,1.116443,3,0,
hónh phúc gia đình,pseudoword,4,control,11,0.818182,0.785695,0.904901,2,0,
hơi nước,word,2,low,11,1,0.624353,0.628361,0,0,
hơi nướm,pseudoword,2,control,11,0.727273,0.7694,0.798072,3,1,
h́nh ch? nh?t,word,3,high,20,1,0.545511,0.550929,0,0,
hạnh phúc gia đình,word,4,high,11,0.909091,0.599627,0.597988,1,0,
hệ thóng,pseudoword,2,control,11,0.909091,0.70843,0.736538,1,0,
hệ thống,word,2,high,11,1,0.452227,0.450179,0,0,
học thủc,pseudoword,2,control,11,0.909091,0.653771,0.601599,1,0,
khoa h?c,word,2,mid,20,1,0.486505,0.498025,0,0,
khoa học,word,2,mid,11,0.909091,0.473747,0.487365,1,0,
ki?n trúc s?,pseudoword,3,control,20,0.8,0.922908,0.947397,4,2,
ki?n trúc su,word,3,high,20,0.95,0.564615,0.570429,1,0,
kiến trúc sư,word,3,high,11,1,0.581954,0.57536,0,0,
kiến trúc sủ,pseudoword,3,control,11,1,0.878672,0.880231,0,0,
l?c,pseudoword,1,control,40,0.9,0.585867,0.577205,4,0,
lo?i s?n ph?m,word,3,low,20,1,0.702109,0.739106,0,0,
lo?i s?n phám,pseudoword,3,control,20,0.9,1.025616,1.032687,2,0,
lo?i th?c ph?m,word,3,mid,20,0.95,0.679377,0.724439,1,0,
loại sản phám,pseudoword,3,control,11,0.727273,1.012405,0.977358,3,0,
loại sản phẩm,word,3,low,11,1,0.63497,0.694581,0,0,
loại thực phẩm,word,3,mid,11,1,0.604845,0.622847,0,0,
lu?t pháp,word,2,mid,20,0.95,0.531815,0.560778,1,0,
luật pháp,word,2,mid,11,1,0.563662,0.601355,0,0,
lá,word,1,high,31,0.967742,0.389673,0.390911,1,0,
lá dic lang,pseudoword,3,control,20,0.85,0.947113,0.986583,3,0,
lá đic lăng,pseudoword,3,control,11,0.909091,0.777792,0.821653,1,0,
lâ,pseudoword,1,control,31,0.774194,0.658429,0.668731,7,1,
lủc,pseudoword,1,control,11,0.909091,0.581681,0.593531,1,0,
lực,word,1,mid,11,1,0.461814,0.48905,0,0,
m? ch?ng nàng hâu,pseudoword,4,control,20,0.8,1.044626,1.066634,4,0,
m?c giá,word,2,mid,20,1,0.558059,0.519388,0,0,
m?i quan h?,pseudoword,3,control,40,0.95,0.696133,0.763092,2,0,
mat,pseudoword,1,control,20,0.9,0.657226,0.669645,2,0,
mu,word,1,low,20,0.9,0.478914,0.455896,2,1,
mái ?m gia d́nh,word,4,high,20,0.9,0.61121,0.603844,2,0,
mái nhà,word,2,low,31,0.935484,0.602661,0.613039,2,0,
mái ấm gia đình,word,4,high,11,1,0.565792,0.601349,0,0,
máy di?u ḥa,word,3,low,20,0.95,0.683475,0.725666,1,1,
máy do huy?t áp,word,4,low,20,0.95,0.833339,0.851309,1,0,
máy h?t b?i,pseudoword,3,control,20,0.75,1.033942,1.000887,5,1,
máy hủt bụi,pseudoword,3,control,11,0.727273,0.829768,0.848059,3,0,
máy nghe nh?c,pseudoword,3,control,20,1,0.996564,1.016186,0,0,
máy nghe nhảc,pseudoword,3,control,11,0.909091,0.81517,0.775811,1,0,
máy nu?c nóng,word,3,low,20,0.9,0.780551,0.821636,2,1,
máy nước nóng,word,3,low,11,1,0.702514,0.698185,0,0,
máy pha cà phé,pseudoword,4,control,31,0.709677,1.030263,1.089747,9,1,
máy vi tính,word,3,mid,31,0.935484,0.684213,0.697558,2,1,
máy xay,word,2,mid,31,0.967742,0.476738,0.501369,1,0,
máy điều hòa,word,3,low,11,1,0.620531,0.653173,0,0,
máy đo huyết áp,word,4,low,11,1,0.825848,0.892902,0,0,
môi tru?ng b?n ngoài,pseudoword,4,control,20,0.8,1.064907,1.107712,4,0,
môi trường bẹn ngoài,pseudoword,4,control,11,0.909091,0.895685,0.980281,1,0,
măt,pseudoword,1,control,11,0.727273,0.587975,0.586913,3,0,
mũ,word,1,low,11,0.727273,0.472244,0.484251,3,0,
mẹ chồng nàng hâu,pseudoword,4,control,11,0.636364,1.066782,1.101792,4,0,
mối quan hế,pseudoword,3,control,11,0.909091,0.905221,0.850294,1,0,
mối quan hệ,word,3,high,11,0.909091,0.532067,0.577758,1,0,
mức giá,word,2,mid,11,1,0.49776,0.51155,0,0,
n?i ?p su?t,pseudoword,3,control,20,0.8,1.049959,1.084235,4,0,
nghiên c?u khoa h?c,word,4,low,20,0.95,0.81842,0.836088,1,0,
nghiên cứu khoa học,word,4,low,11,1,0.796836,0.84764,0,0,
nhà thi?t k?,word,3,low,20,0.95,0.738965,0.71007,1,0,
nhà thi?t ké,pseudoword,3,control,20,0.9,1.048404,1.056398,2,0,
nhà thiết ké,pseudoword,3,control,11,0.454545,0.720656,0.731681,6,0,accuracy_below_60;many_participants_confuse_item
nhà thiết kế,word,3,low,11,1,0.494241,0.537823,0,0,
nhâ c?a,pseudoword,2,control,20,0.8,0.840769,0.849418,4,0,
nhâ cửa,pseudoword,2,control,11,0.727273,0.64593,0.662239,3,0,
nu?c,word,1,high,20,1,0.298395,0.328605,0,0,
nu?c c?t d?a,word,3,mid,20,0.95,0.723537,0.732115,1,0,
nu?c hoa h?ng,word,3,low,20,0.85,0.749611,0.777742,3,1,
nu?c m?m nguyên ch?t,word,4,mid,20,1,0.794534,0.760423,0,0,
nu?c mu?i,word,2,low,20,1,0.563575,0.555007,0,0,
nu?c u?ng th? thao,word,4,mid,20,0.9,0.752209,0.746428,2,0,
nu?c u?ng thé thao,pseudoword,4,control,20,0.95,1.151683,1.123778,1,0,
nu?c v? g?o,pseudoword,3,control,20,0.8,0.993552,1.008563,4,0,
nu?c vo g?o,word,3,high,20,1,0.540324,0.54161,0,0,
nu?c x?t,pseudoword,2,control,40,0.875,0.725736,0.726816,5,1,
nu?m du?ng,pseudoword,2,control,20,0.85,0.820238,0.828261,3,0,
nu?p,pseudoword,1,control,20,0.85,0.687308,0.677178,3,0,
núi,word,1,low,31,0.967742,0.447309,0.469515,1,0,
nước,word,1,high,11,1,0.414203,0.423622,0,0,
nước cốt dừa,word,3,mid,11,1,0.615984,0.722659,0,0,
nước hoa hồng,word,3,low,11,1,0.684497,0.727858,0,0,
nước muối,word,2,low,11,1,0.509599,0.555389,0,0,
nước mắm nguyên chất,word,4,mid,11,1,0.778813,0.75543,0,0,
nước uống thé thao,pseudoword,4,control,11,0.909091,1.079036,0.964362,1,0,
nước uống thể thao,word,4,mid,11,1,0.65653,0.691863,0,0,
nước vo gạo,word,3,high,11,0.818182,0.615644,0.700941,2,0,
nước vọ gạo,pseudoword,3,control,11,1,0.825133,0.765961,0,0,
nước xọt,pseudoword,2,control,11,0.727273,0.723644,0.738428,3,0,
nước xốt,word,2,low,11,1,0.637561,0.611906,0,0,
nướm đường,pseudoword,2,control,11,0.818182,0.697881,0.743482,2,0,
nướp,pseudoword,1,control,11,0.454545,0.552722,0.554838,6,0,accuracy_below_60;many_participants_confuse_item
nồi ạp suất,pseudoword,3,control,11,0.909091,0.786898,0.771958,1,0,
quan h? v? ch?ng,pseudoword,4,control,20,0.7,1.013472,1.029032,6,0,
quan hệ vợ chọng,pseudoword,4,control,11,0.727273,0.897419,0.926183,3,0,
rúng,pseudoword,1,control,31,0.806452,0.649406,0.641855,6,0,
s?c h?p d?n,word,3,mid,20,1,0.807924,0.753379,0,0,
s?ng,pseudoword,1,control,20,0.7,0.650521,0.698584,6,1,
sông,word,1,low,31,0.935484,0.431295,0.432594,2,0,
sọng,pseudoword,1,control,11,0.454545,0.433384,0.479964,6,0,accuracy_below_60;many_participants_confuse_item
sức hấp dẫn,word,3,mid,11,1,0.568944,0.746872,0,0,
th? công m? ngh?,word,4,mid,20,0.95,0.765842,0.768248,1,0,
th? tru?c n?i d?a,pseudoword,4,control,20,0.85,1.06376,1.07038,3,1,
th? tru?ng,word,2,high,20,0.95,0.377783,0.432281,1,0,
th? tru?ng n?i d?a,word,4,mid,20,0.95,0.804536,0.784063,1,0,
th?c ph?m ch? bi?n,word,4,high,20,1,0.609997,0.615097,0,0,
thị trườc nội địa,pseudoword,4,control,11,0.818182,1.098148,1.070487,2,0,
thị trường,word,2,high,11,1,0.446725,0.460748,0,0,
thị trường nội địa,word,4,mid,11,1,0.703711,0.698818,0,0,
thủ công mỹ nghệ,word,4,mid,11,1,0.821426,0.872815,0,0,
thực phẩm chế biến,word,4,high,11,0.909091,0.663816,0.676654,1,1,
ti?n,word,1,high,20,0.95,0.294364,0.340478,1,0,
tin,word,1,high,31,1,0.386976,0.427411,0,0,
tiền,word,1,high,11,1,0.412818,0.429801,0,0,
tr?,word,1,low,20,1,0.427922,0.446887,0,0,
trính d? h?c v?n,pseudoword,4,control,20,0.85,1.182416,1.20446,3,0,
trính độ học vấn,pseudoword,4,control,11,0.272727,0.829266,0.865478,8,0,accuracy_below_60;many_participants_confuse_item
trý,pseudoword,1,control,11,0.454545,0.480804,0.532314,6,0,accuracy_below_60;many_participants_confuse_item
trư,pseudoword,1,control,20,0.75,0.678161,0.681526,5,0,
trị,word,1,low,11,0.909091,0.385543,0.403033,1,0,
tâm l? h?c,pseudoword,3,control,20,0.75,0.949321,0.982491,5,0,
tâm lỵ học,pseudoword,3,control,11,0.818182,1.004497,1.050205,2,0,
tình yêu đích thực,word,4,high,11,1,0.613429,0.590525,0,0,
t́nh yêu dích th?c,word,4,high,20,1,0.607561,0.615857,0,0,
v?n hóa,pseudoword,2,control,20,0.7,0.867073,0.867771,6,0,
v?t,word,1,mid,20,0.9,0.420189,0.440897,2,0,
van hóa,word,2,high,20,0.9,0.433161,0.453071,2,0,
van hóa ?m th?c,word,4,low,40,0.925,0.938343,0.936448,3,0,
văn hóa,word,2,high,11,1,0.445296,0.463644,0,0,
văn hóa ẩm thủc,pseudoword,4,control,11,0.727273,1.193179,1.128993,3,0,
văn hóa ẩm thực,word,4,low,11,0.909091,0.625866,0.670251,1,0,
vản hóa,pseudoword,2,control,11,0.909091,0.697703,0.690457,1,0,
vật,word,1,mid,11,1,0.457506,0.423981,0,0,
xe d?y,word,2,mid,20,0.95,0.510387,0.544778,1,0,
xe đẩy,word,2,mid,11,1,0.495634,0.499551,0,0,
điện thoại di động,word,4,high,11,1,0.54965,0.577328,0,0,
đâ,pseudoword,1,control,11,1,0.588167,0.583786,0,0,
đèn,word,1,high,11,1,0.404101,0.454,0,0,
đất,word,1,mid,11,1,0.469892,0.523494,0,0,
địm kiến xã hội,pseudoword,4,control,11,0.363636,0.683573,0.74131,7,0,accuracy_below_60;many_participants_confuse_item
định kiến xã hội,word,4,low,11,1,0.641923,0.666814,0,0,
đồ nội thất,word,3,mid,11,1,0.545661,0.596512,0,0,
đồng nghiệp,word,2,high,11,1,0.441813,0.457808,0,0,
