participant_id,block,trial_id,stimulus,condition,is_word,syllable_length,frequency,log_frequency,source_realword,correct_response,key_pressed,response_label,accuracy,rt
19,practice,PRACTICE_001,mèo,word,1,1,,,mèo,word,f,word,1,0.704
19,practice,PRACTICE_002,mẻo,pseudoword,0,1,,,mèo,nonword,j,nonword,1,0.739
19,practice,PRACTICE_003,ghế đá,word,1,2,,,ghế đá,word,f,word,1,0.774
19,practice,PRACTICE_004,tủ lảnh,pseudoword,0,2,,,tủ lạnh,nonword,j,nonword,1,0.809
19,main,LDT_001,biểc,pseudoword,0,1,,,biển,nonword,j,nonword,1,0.820026
19,main,LDT_002,bàc,pseudoword,0,1,,,bàn,nonword,j,nonword,1,0.798246
19,main,LDT_003,búc,pseudoword,0,1,,,bút,nonword,j,nonword,1,0.838466
19,main,LDT_004,chá,pseudoword,0,1,,,chợ,nonword,j,nonword,1,0.788686
19,main,LDT_005,khây,pseudoword,0,1,,,cây,nonword,j,nonword,1,0.812906
19,main,LDT_006,cở,pseudoword,0,1,,,cỏ,nonword,j,nonword,1,0.831126
19,main,LDT_007,côc,pseudoword,0,1,,,cốc,nonword,j,nonword,1,0.781346
19,main,LDT_008,bửa,pseudoword,0,1,,,cửa,nonword,j,nonword,1,0.821566
19,main,LDT_009,dản,pseudoword,0,1,,,dân,nonword,j,nonword,1,0.799786
19,main,LDT_010,ghể,pseudoword,0,1,,,ghế,nonword,j,nonword,1,0.840006
19,main,LDT_011,gá,pseudoword,0,1,,,giá,nonword,j,nonword,1,0.790226
19,main,LDT_012,hó,pseudoword,0,1,,,gió,nonword,j,nonword,1,0.814446
19,main,LDT_013,đoa,pseudoword,0,1,,,hoa,nonword,j,nonword,1,0.832666
19,main,LDT_014,hàc,pseudoword,0,1,,,hàng,nonword,j,nonword,1,0.782886
19,main,LDT_015,luậc,pseudoword,0,1,,,luật,nonword,j,nonword,1,0.823106
19,main,LDT_016,lâ,pseudoword,0,1,,,lá,nonword,j,nonword,1,0.801326
19,main,LDT_017,lủc,pseudoword,0,1,,,lực,nonword,j,nonword,1,0.841546
19,main,LDT_018,mố,pseudoword,0,1,,,mũ,nonword,j,nonword,1,0.791766
19,main,LDT_019,măt,pseudoword,0,1,,,mắt,nonword,j,nonword,1,0.815986
19,main,LDT_020,nhâ,pseudoword,0,1,,,nhà,nonword,j,nonword,1,0.834206
19,main,LDT_021,búi,pseudoword,0,1,,,núi,nonword,j,nonword,1,0.784426
19,main,LDT_022,nướp,pseudoword,0,1,,,nước,nonword,j,nonword,1,0.824646
19,main,LDT_023,rúng,pseudoword,0,1,,,rừng,nonword,j,nonword,1,0.802866
19,main,LDT_024,sảch,pseudoword,0,1,,,sách,nonword,j,nonword,1,0.843086
19,main,LDT_025,sọng,pseudoword,0,1,,,sông,nonword,j,nonword,1,0.793306
19,main,LDT_026,thuốn,pseudoword,0,1,,,thuốc,nonword,j,nonword,1,0.817526
19,main,LDT_027,týn,pseudoword,0,1,,,tin,nonword,j,nonword,1,0.835746
19,main,LDT_028,tiềc,pseudoword,0,1,,,tiền,nonword,j,nonword,1,0.785966
19,main,LDT_029,trý,pseudoword,0,1,,,trị,nonword,j,nonword,1,0.826186
19,main,LDT_030,bải,pseudoword,0,1,,,vải,nonword,j,nonword,1,0.804406
19,main,LDT_031,vảt,pseudoword,0,1,,,vật,nonword,j,nonword,1,0.844626
19,main,LDT_032,xể,pseudoword,0,1,,,xe,nonword,j,nonword,1,0.794846
19,main,LDT_033,máo,pseudoword,0,1,,,áo,nonword,j,nonword,1,0.819066
19,main,LDT_034,đâ,pseudoword,0,1,,,đá,nonword,j,nonword,1,0.837286
19,main,LDT_035,đén,pseudoword,0,1,,,đèn,nonword,j,nonword,1,0.787506
19,main,LDT_036,đườm,pseudoword,0,1,,,đường,nonword,f,word,0,0.827726
19,main,LDT_037,đat,pseudoword,0,1,,,đất,nonword,j,nonword,1,0.805946
19,main,LDT_148,biển,word,1,1,64.0,4.158883083,biển,word,f,word,1,0.751672
19,main,LDT_149,bàn,word,1,1,333.0,5.80814249,bàn,word,f,word,1,0.649116
19,main,LDT_150,bút,word,1,1,41.0,3.713572067,bút,word,f,word,1,0.740362
19,main,LDT_151,chợ,word,1,1,108.0,4.682131227,chợ,word,f,word,1,1.147588
19,main,LDT_152,cây,word,1,1,281.0,5.638354669,cây,word,f,word,1,0.647209
19,main,LDT_153,cỏ,word,1,1,26.0,3.258096538,cỏ,word,f,word,1,0.763597
19,main,LDT_154,cốc,word,1,1,19.0,2.944438979,cốc,word,f,word,1,0.751855
19,main,LDT_155,cửa,word,1,1,258.0,5.552959585,cửa,word,f,word,1,0.708602
19,main,LDT_156,dân,word,1,1,155.0,5.043425117,dân,word,f,word,1,0.675127
19,main,LDT_157,ghế,word,1,1,133.0,4.890349128,ghế,word,f,word,1,0.704245
19,main,LDT_158,giá,word,1,1,714.0,6.570882962,giá,word,f,word,1,0.668688
19,main,LDT_159,gió,word,1,1,118.0,4.770684624,gió,word,j,nonword,0,0.676515
19,main,LDT_160,hoa,word,1,1,572.0,6.349138991,hoa,word,f,word,1,0.666224
19,main,LDT_161,hàng,word,1,1,700.0,6.551080335,hàng,word,f,word,1,0.637982
19,main,LDT_162,luật,word,1,1,74.0,4.304065093,luật,word,f,word,1,0.750107
19,main,LDT_163,lá,word,1,1,443.0,6.09356977,lá,word,f,word,1,0.643062
19,main,LDT_164,lực,word,1,1,199.0,5.293304825,lực,word,f,word,1,0.692891
19,main,LDT_165,mũ,word,1,1,47.0,3.850147602,mũ,word,f,word,1,0.757292
19,main,LDT_166,mắt,word,1,1,317.0,5.758901774,mắt,word,f,word,1,0.646432
19,main,LDT_167,nhà,word,1,1,1208.0,7.096721378,nhà,word,f,word,1,0.643841
19,main,LDT_168,núi,word,1,1,31.0,3.433987204,núi,word,f,word,1,0.739269
19,main,LDT_169,nước,word,1,1,1464.0,7.288927695,nước,word,f,word,1,0.656131
19,main,LDT_170,rừng,word,1,1,31.0,3.433987204,rừng,word,f,word,1,0.729709
19,main,LDT_171,sách,word,1,1,97.0,4.574710979,sách,word,f,word,1,0.717426
19,main,LDT_172,sông,word,1,1,60.0,4.094344562,sông,word,f,word,1,0.751018
19,main,LDT_173,thuốc,word,1,1,57.0,4.043051268,thuốc,word,f,word,1,0.702879
19,main,LDT_174,tin,word,1,1,679.0,6.520621128,tin,word,f,word,1,0.663817
19,main,LDT_175,tiền,word,1,1,317.0,5.758901774,tiền,word,f,word,1,0.666412
19,main,LDT_176,trị,word,1,1,91.0,4.510859507,trị,word,f,word,1,0.746569
19,main,LDT_177,vải,word,1,1,178.0,5.18178355,vải,word,f,word,1,0.67532
19,main,LDT_178,vật,word,1,1,252.0,5.529429088,vật,word,f,word,1,0.688415
19,main,LDT_179,xe,word,1,1,217.0,5.379897354,xe,word,f,word,1,0.71142
19,main,LDT_180,áo,word,1,1,184.0,5.214935758,áo,word,f,word,1,0.666919
19,main,LDT_181,đá,word,1,1,140.0,4.941642423,đá,word,f,word,1,0.715884
19,main,LDT_182,đèn,word,1,1,306.0,5.723585102,đèn,word,f,word,1,0.669082
19,main,LDT_183,đường,word,1,1,598.0,6.393590754,đường,word,f,word,1,0.687862
19,main,LDT_184,đất,word,1,1,138.0,4.927253685,đất,word,f,word,1,0.685004
19,main,LDT_038,biệc pháp,pseudoword,0,2,,,biện pháp,nonword,j,nonword,1,0.905887
19,main,LDT_039,bệc viện,pseudoword,0,2,,,bệnh viện,nonword,j,nonword,1,0.924107
19,main,LDT_040,chẹn nước,pseudoword,0,2,,,chén nước,nonword,j,nonword,1,0.874327
19,main,LDT_041,cây cảc,pseudoword,0,2,,,cây cảnh,nonword,j,nonword,1,0.914547
19,main,LDT_042,cây xạnh,pseudoword,0,2,,,cây xanh,nonword,j,nonword,1,0.892767
19,main,LDT_043,côm nghiệp,pseudoword,0,2,,,công nghiệp,nonword,j,nonword,1,0.932987
19,main,LDT_044,côm ty,pseudoword,0,2,,,công ty,nonword,j,nonword,1,0.883207
19,main,LDT_045,cửa hàc,pseudoword,0,2,,,cửa hàng,nonword,j,nonword,1,0.907427
19,main,LDT_046,giá thàc,pseudoword,0,2,,,giá thành,nonword,j,nonword,1,0.925647
19,main,LDT_047,giá vể,pseudoword,0,2,,,giá vé,nonword,j,nonword,1,0.875867
19,main,LDT_048,giáo dụn,pseudoword,0,2,,,giáo dục,nonword,j,nonword,1,0.916087
19,main,LDT_049,hơi nướm,pseudoword,0,2,,,hơi nước,nonword,j,nonword,1,0.894307
19,main,LDT_050,hệ thóng,pseudoword,0,2,,,hệ thống,nonword,j,nonword,1,0.934527
19,main,LDT_051,học thủc,pseudoword,0,2,,,học thức,nonword,j,nonword,1,0.884747
19,main,LDT_052,khoa hỏc,pseudoword,0,2,,,khoa học,nonword,j,nonword,1,0.908967
19,main,LDT_053,khách hàc,pseudoword,0,2,,,khách hàng,nonword,j,nonword,1,0.927187
19,main,LDT_054,kinh té,pseudoword,0,2,,,kinh tế,nonword,j,nonword,1,0.877407
19,main,LDT_055,lao đơng,pseudoword,0,2,,,lao động,nonword,j,nonword,1,0.917627
19,main,LDT_056,luật phạp,pseudoword,0,2,,,luật pháp,nonword,j,nonword,1,0.895847
19,main,LDT_057,mái nhâ,pseudoword,0,2,,,mái nhà,nonword,f,word,0,0.936067
19,main,LDT_058,máy lânh,pseudoword,0,2,,,máy lạnh,nonword,j,nonword,1,0.886287
19,main,LDT_059,báy xay,pseudoword,0,2,,,máy xay,nonword,j,nonword,1,0.910507
19,main,LDT_060,mứm giá,pseudoword,0,2,,,mức giá,nonword,j,nonword,1,0.928727
19,main,LDT_061,nghẻ thuật,pseudoword,0,2,,,nghệ thuật,nonword,j,nonword,1,0.878947
19,main,LDT_062,nhâ cửa,pseudoword,0,2,,,nhà cửa,nonword,j,nonword,1,0.919167
19,main,LDT_063,nhà hàc,pseudoword,0,2,,,nhà hàng,nonword,j,nonword,1,0.897387
19,main,LDT_064,nướm dừa,pseudoword,0,2,,,nước dừa,nonword,j,nonword,1,0.937607
19,main,LDT_065,nướm muối,pseudoword,0,2,,,nước muối,nonword,j,nonword,1,0.887827
19,main,LDT_066,nước xọt,pseudoword,0,2,,,nước xốt,nonword,j,nonword,1,0.912047
19,main,LDT_067,nướm đường,pseudoword,0,2,,,nước đường,nonword,j,nonword,1,0.930267
19,main,LDT_068,phạp luật,pseudoword,0,2,,,pháp luật,nonword,j,nonword,1,0.880487
19,main,LDT_069,phương phạp,pseudoword,0,2,,,phương pháp,nonword,j,nonword,1,0.920707
19,main,LDT_070,thị trườc,pseudoword,0,2,,,thị trường,nonword,j,nonword,1,0.898927
19,main,LDT_071,týnh tế,pseudoword,0,2,,,tinh tế,nonword,j,nonword,1,0.939147
19,main,LDT_072,truyền thóng,pseudoword,0,2,,,truyền thống,nonword,j,nonword,1,0.889367
19,main,LDT_073,vản hóa,pseudoword,0,2,,,văn hóa,nonword,j,nonword,1,0.913587
19,main,LDT_074,xể đẩy,pseudoword,0,2,,,xe đẩy,nonword,j,nonword,1,0.931807
19,main,LDT_075,đat nước,pseudoword,0,2,,,đất nước,nonword,j,nonword,1,0.882027
19,main,LDT_076,đồc nghiệp,pseudoword,0,2,,,đồng nghiệp,nonword,j,nonword,1,0.922247
19,main,LDT_185,biện pháp,word,1,2,12.0,2.48490665,biện pháp,word,f,word,1,0.800735
19,main,LDT_186,bệnh viện,word,1,2,13.0,2.564949357,bệnh viện,word,f,word,1,0.838393
19,main,LDT_187,chén nước,word,1,2,14.0,2.63905733,chén nước,word,f,word,1,0.786242
19,main,LDT_188,cây cảnh,word,1,2,12.0,2.48490665,cây cảnh,word,f,word,1,0.815395
19,main,LDT_189,cây xanh,word,1,2,12.0,2.48490665,cây xanh,word,f,word,1,0.833615
19,main,LDT_190,công nghiệp,word,1,2,27.0,3.295836866,công nghiệp,word,f,word,1,0.757885
19,main,LDT_191,công ty,word,1,2,135.0,4.905274778,công ty,word,j,nonword,0,0.746603
19,main,LDT_192,cửa hàng,word,1,2,61.0,4.110873864,cửa hàng,word,f,word,1,0.750244
19,main,LDT_193,giá thành,word,1,2,16.0,2.772588722,giá thành,word,f,word,1,0.833289
19,main,LDT_194,giá vé,word,1,2,12.0,2.48490665,giá vé,word,f,word,1,0.792715
19,main,LDT_195,giáo dục,word,1,2,23.0,3.135494216,giáo dục,word,f,word,1,0.796116
19,main,LDT_196,hơi nước,word,1,2,11.0,2.397895273,hơi nước,word,f,word,1,0.837939
19,main,LDT_197,hệ thống,word,1,2,37.0,3.610917913,hệ thống,word,f,word,1,0.749342
19,main,LDT_198,học thức,word,1,2,24.0,3.17805383,học thức,word,f,word,1,0.803414
19,main,LDT_199,khoa học,word,1,2,20.0,2.995732274,khoa học,word,f,word,1,0.787468
19,main,LDT_200,khách hàng,word,1,2,38.0,3.63758616,khách hàng,word,f,word,1,0.807149
19,main,LDT_201,kinh tế,word,1,2,36.0,3.583518938,kinh tế,word,f,word,1,0.759099
19,main,LDT_202,lao động,word,1,2,21.0,3.044522438,lao động,word,f,word,1,0.800567
19,main,LDT_203,luật pháp,word,1,2,26.0,3.258096538,luật pháp,word,f,word,1,0.811953
19,main,LDT_204,mái nhà,word,1,2,14.0,2.63905733,mái nhà,word,f,word,1,0.781982
19,main,LDT_205,máy lạnh,word,1,2,11.0,2.397895273,máy lạnh,word,f,word,1,0.829919
19,main,LDT_206,máy xay,word,1,2,18.0,2.890371758,máy xay,word,f,word,1,0.79238
19,main,LDT_207,mức giá,word,1,2,16.0,2.772588722,mức giá,word,f,word,1,0.836369
19,main,LDT_208,nghệ thuật,word,1,2,30.0,3.401197382,nghệ thuật,word,f,word,1,0.766473
19,main,LDT_209,nhà cửa,word,1,2,20.0,2.995732274,nhà cửa,word,f,word,1,0.803668
19,main,LDT_210,nhà hàng,word,1,2,131.0,4.875197323,nhà hàng,word,f,word,1,0.761745
19,main,LDT_211,nước dừa,word,1,2,28.0,3.33220451,nước dừa,word,f,word,1,0.761341
19,main,LDT_212,nước muối,word,1,2,11.0,2.397895273,nước muối,word,f,word,1,0.831459
19,main,LDT_213,nước xốt,word,1,2,12.0,2.48490665,nước xốt,word,f,word,1,0.806895
19,main,LDT_214,nước đường,word,1,2,17.0,2.833213344,nước đường,word,f,word,1,0.835969
19,main,LDT_215,pháp luật,word,1,2,16.0,2.772588722,pháp luật,word,f,word,1,0.788129
19,main,LDT_216,phương pháp,word,1,2,19.0,2.944438979,phương pháp,word,f,word,1,0.80685
19,main,LDT_217,thị trường,word,1,2,128.0,4.852030264,thị trường,word,f,word,1,0.764027
19,main,LDT_218,tinh tế,word,1,2,12.0,2.48490665,tinh tế,word,f,word,1,0.789995
19,main,LDT_219,truyền thống,word,1,2,46.0,3.828641396,truyền thống,word,f,word,1,0.787215
19,main,LDT_220,văn hóa,word,1,2,28.0,3.33220451,văn hóa,word,f,word,1,0.781321
19,main,LDT_221,xe đẩy,word,1,2,14.0,2.63905733,xe đẩy,word,f,word,1,0.843722
19,main,LDT_222,đất nước,word,1,2,12.0,2.48490665,đất nước,word,f,word,1,0.798875
19,main,LDT_223,đồng nghiệp,word,1,2,45.0,3.80666249,đồng nghiệp,word,f,word,1,0.780799
19,main,LDT_077,chuyệc tình cảm,pseudoword,0,3,,,chuyện tình cảm,nonword,j,nonword,1,1.156228
19,main,LDT_078,chủ cửa hàc,pseudoword,0,3,,,chủ cửa hàng,nonword,j,nonword,1,1.106448
19,main,LDT_079,cuộc hôn nhâc,pseudoword,0,3,,,cuộc hôn nhân,nonword,f,word,0,1.146668
19,main,LDT_080,cá thác lảc,pseudoword,0,3,,,cá thác lác,nonword,j,nonword,1,1.124888
19,main,LDT_081,cách cư xụ,pseudoword,0,3,,,cách cư xử,nonword,j,nonword,1,1.165108
19,main,LDT_082,câu tró lời,pseudoword,0,3,,,câu trả lời,nonword,j,nonword,1,1.115328
19,main,LDT_083,dây ruy bạng,pseudoword,0,3,,,dây ruy băng,nonword,j,nonword,1,1.139548
19,main,LDT_084,dòng sản phám,pseudoword,0,3,,,dòng sản phẩm,nonword,j,nonword,1,1.157768
19,main,LDT_085,hãc sản xuất,pseudoword,0,3,,,hãng sản xuất,nonword,j,nonword,1,1.107988
19,main,LDT_086,hình chụ nhật,pseudoword,0,3,,,hình chữ nhật,nonword,j,nonword,1,1.148208
19,main,LDT_087,khoảc thời gian,pseudoword,0,3,,,khoảng thời gian,nonword,j,nonword,1,1.126428
19,main,LDT_088,kiến trúc sủ,pseudoword,0,3,,,kiến trúc sư,nonword,j,nonword,1,1.166648
19,main,LDT_089,loại sản phám,pseudoword,0,3,,,loại sản phẩm,nonword,j,nonword,1,1.116868
19,main,LDT_090,loại thủc phẩm,pseudoword,0,3,,,loại thực phẩm,nonword,j,nonword,1,1.141088
19,main,LDT_091,lá đic lăng,pseudoword,0,3,,,lá đinh lăng,nonword,j,nonword,1,1.159308
19,main,LDT_092,lòc tự trọng,pseudoword,0,3,,,lòng tự trọng,nonword,j,nonword,1,1.109528
19,main,LDT_093,muỗng cà phé,pseudoword,0,3,,,muỗng cà phê,nonword,j,nonword,1,1.149748
19,main,LDT_094,máy hủt bụi,pseudoword,0,3,,,máy hút bụi,nonword,j,nonword,1,1.127968
19,main,LDT_095,máy hủt khói,pseudoword,0,3,,,máy hút khói,nonword,j,nonword,1,1.168188
19,main,LDT_096,máy nghe nhảc,pseudoword,0,3,,,máy nghe nhạc,nonword,j,nonword,1,1.118408
19,main,LDT_097,máy nước nỏng,pseudoword,0,3,,,máy nước nóng,nonword,j,nonword,1,1.142628
19,main,LDT_098,máy vi tíc,pseudoword,0,3,,,máy vi tính,nonword,j,nonword,1,1.160848
19,main,LDT_099,báy điều hòa,pseudoword,0,3,,,máy điều hòa,nonword,j,nonword,1,1.111068
19,main,LDT_100,mối quan hế,pseudoword,0,3,,,mối quan hệ,nonword,j,nonword,1,1.151288
19,main,LDT_101,mối tình khầu,pseudoword,0,3,,,mối tình đầu,nonword,j,nonword,1,1.129508
19,main,LDT_102,nhạ sản xuất,pseudoword,0,3,,,nhà sản xuất,nonword,f,word,0,1.589728
19,main,LDT_103,nhà thiết ké,pseudoword,0,3,,,nhà thiết kế,nonword,j,nonword,1,1.119948
19,main,LDT_104,niềm hónh phúc,pseudoword,0,3,,,niềm hạnh phúc,nonword,j,nonword,1,1.144168
19,main,LDT_105,nét vản hóa,pseudoword,0,3,,,nét văn hóa,nonword,j,nonword,1,1.162388
19,main,LDT_106,nướm cốt dừa,pseudoword,0,3,,,nước cốt dừa,nonword,j,nonword,1,1.112608
19,main,LDT_107,nướm hoa hồng,pseudoword,0,3,,,nước hoa hồng,nonword,j,nonword,1,1.152828
19,main,LDT_108,nướm trái cây,pseudoword,0,3,,,nước trái cây,nonword,j,nonword,1,1.131048
19,main,LDT_109,nước vọ gạo,pseudoword,0,3,,,nước vo gạo,nonword,j,nonword,1,1.171268
19,main,LDT_110,nồi ạp suất,pseudoword,0,3,,,nồi áp suất,nonword,j,nonword,1,1.121488
19,main,LDT_111,quán cà phé,pseudoword,0,3,,,quán cà phê,nonword,j,nonword,1,1.145708
19,main,LDT_112,sủc hấp dẫn,pseudoword,0,3,,,sức hấp dẫn,nonword,j,nonword,1,1.163928
19,main,LDT_113,trường đại hỏc,pseudoword,0,3,,,trường đại học,nonword,j,nonword,1,1.114148
19,main,LDT_114,tâm lỵ học,pseudoword,0,3,,,tâm lý học,nonword,j,nonword,1,1.154368
19,main,LDT_115,đồ nội thạt,pseudoword,0,3,,,đồ nội thất,nonword,j,nonword,1,1.132588
19,main,LDT_224,chuyện tình cảm,word,1,3,48.0,3.87120101090789,chuyện tình cảm,word,f,word,1,0.934736
19,main,LDT_225,chủ cửa hàng,word,1,3,6.0,1.791759469,chủ cửa hàng,word,f,word,1,0.951498
19,main,LDT_226,cuộc hôn nhân,word,1,3,46.0,3.8286413964891,cuộc hôn nhân,word,f,word,1,0.910538
19,main,LDT_227,cá thác lác,word,1,3,14.0,2.63905732961526,cá thác lác,word,f,word,1,0.966824
19,main,LDT_228,cách cư xử,word,1,3,24.0,3.17805383034795,cách cư xử,word,f,word,1,0.899796
19,main,LDT_229,câu trả lời,word,1,3,30.0,3.40119738166216,câu trả lời,word,f,word,1,0.932876
19,main,LDT_230,dây ruy băng,word,1,3,13.0,2.56494935746154,dây ruy băng,word,f,word,1,0.937856
19,main,LDT_231,dòng sản phẩm,word,1,3,10.0,2.302585093,dòng sản phẩm,word,f,word,1,0.986471
19,main,LDT_232,hãng sản xuất,word,1,3,6.0,1.791759469,hãng sản xuất,word,f,word,1,0.953038
19,main,LDT_233,hình chữ nhật,word,1,3,20.0,2.99573227355399,hình chữ nhật,word,f,word,1,0.938731
19,main,LDT_234,khoảng thời gian,word,1,3,28.0,3.3322045101752,khoảng thời gian,word,f,word,1,0.946184
19,main,LDT_235,kiến trúc sư,word,1,3,23.0,3.13549421592915,kiến trúc sư,word,f,word,1,0.902698
19,main,LDT_236,loại sản phẩm,word,1,3,10.0,2.302585093,loại sản phẩm,word,f,word,1,0.969571
19,main,LDT_237,loại thực phẩm,word,1,3,13.0,2.564949357,loại thực phẩm,word,f,word,1,0.939396
19,main,LDT_238,lá đinh lăng,word,1,3,13.0,2.56494935746154,lá đinh lăng,word,f,word,1,0.979616
19,main,LDT_239,lòng tự trọng,word,1,3,21.0,3.04452243772342,lòng tự trọng,word,f,word,1,0.914489
19,main,LDT_240,muỗng cà phê,word,1,3,58.0,4.06044301054642,muỗng cà phê,word,f,word,1,0.9062
19,main,LDT_241,máy hút bụi,word,1,3,13.0,2.564949357,máy hút bụi,word,f,word,1,0.972276
19,main,LDT_242,máy hút khói,word,1,3,10.0,2.302585093,máy hút khói,word,f,word,1,0.930891
19,main,LDT_243,máy nghe nhạc,word,1,3,18.0,2.890371758,máy nghe nhạc,word,f,word,1,0.952302
19,main,LDT_244,máy nước nóng,word,1,3,6.0,1.791759469,máy nước nóng,word,f,word,1,0.965678
19,main,LDT_245,máy vi tính,word,1,3,13.0,2.564949357,máy vi tính,word,f,word,1,0.981156
19,main,LDT_246,máy điều hòa,word,1,3,10.0,2.302585093,máy điều hòa,word,f,word,1,0.939771
19,main,LDT_247,mối quan hệ,word,1,3,171.0,5.14166355650266,mối quan hệ,word,f,word,1,0.873141
19,main,LDT_248,mối tình đầu,word,1,3,25.0,3.2188758248682,mối tình đầu,word,f,word,1,0.95289
19,main,LDT_249,nhà sản xuất,word,1,3,42.0,3.737669618,nhà sản xuất,word,f,word,1,0.886509
19,main,LDT_250,nhà thiết kế,word,1,3,9.0,2.197224577,nhà thiết kế,word,f,word,1,0.976023
19,main,LDT_251,niềm hạnh phúc,word,1,3,14.0,2.63905732961526,niềm hạnh phúc,word,f,word,1,0.940104
19,main,LDT_252,nét văn hóa,word,1,3,7.0,1.945910149,nét văn hóa,word,f,word,1,1.002505
19,main,LDT_253,nước cốt dừa,word,1,3,18.0,2.890371758,nước cốt dừa,word,f,word,1,0.922502
19,main,LDT_254,nước hoa hồng,word,1,3,8.0,2.079441542,nước hoa hồng,word,f,word,1,0.972672
19,main,LDT_255,nước trái cây,word,1,3,9.0,2.197224577,nước trái cây,word,f,word,1,0.987123
19,main,LDT_256,nước vo gạo,word,1,3,28.0,3.33220451,nước vo gạo,word,f,word,1,0.901024
19,main,LDT_257,nồi áp suất,word,1,3,16.0,2.77258872223978,nồi áp suất,word,f,word,1,0.959151
19,main,LDT_258,quán cà phê,word,1,3,16.0,2.77258872223978,quán cà phê,word,f,word,1,0.937371
19,main,LDT_259,sức hấp dẫn,word,1,3,15.0,2.70805020110221,sức hấp dẫn,word,f,word,1,0.979657
19,main,LDT_260,trường đại học,word,1,3,8.0,2.079441542,trường đại học,word,f,word,1,0.949992
19,main,LDT_261,tâm lý học,word,1,3,6.0,1.791759469,tâm lý học,word,f,word,1,0.983418
19,main,LDT_262,đồ nội thất,word,1,3,18.0,2.89037175789616,đồ nội thất,word,f,word,1,0.966482
19,main,LDT_116,chuyên viên tư vản,pseudoword,0,4,,,chuyên viên tư vấn,nonword,j,nonword,1,1.291054
19,main,LDT_117,cuộc sọng gia đình,pseudoword,0,4,,,cuộc sống gia đình,nonword,j,nonword,1,1.331274
19,main,LDT_118,công nghẹ thông tin,pseudoword,0,4,,,công nghệ thông tin,nonword,j,nonword,1,1.309494
19,main,LDT_119,cơ só sản xuất,pseudoword,0,4,,,cơ sở sản xuất,nonword,j,nonword,1,1.349714
19,main,LDT_120,cửa hàc hoa tươi,pseudoword,0,4,,,cửa hàng hoa tươi,nonword,j,nonword,1,1.299934
19,main,LDT_121,cửa hàc thực phẩm,pseudoword,0,4,,,cửa hàng thực phẩm,nonword,j,nonword,1,1.324154
19,main,LDT_122,diễn đàn quốc té,pseudoword,0,4,,,diễn đàn quốc tế,nonword,f,word,0,1.342374
19,main,LDT_123,giám đóc công ty,pseudoword,0,4,,,giám đốc công ty,nonword,j,nonword,1,1.292594
19,main,LDT_124,hoạc động xã hội,pseudoword,0,4,,,hoạt động xã hội,nonword,j,nonword,1,1.332814
19,main,LDT_125,hónh phúc gia đình,pseudoword,0,4,,,hạnh phúc gia đình,nonword,j,nonword,1,1.311034
19,main,LDT_126,mái ấc gia đình,pseudoword,0,4,,,mái ấm gia đình,nonword,j,nonword,1,1.351254
19,main,LDT_127,máy pha cà phé,pseudoword,0,4,,,máy pha cà phê,nonword,j,nonword,1,1.301474
19,main,LDT_128,máy xay sỉnh tố,pseudoword,0,4,,,máy xay sinh tố,nonword,j,nonword,1,1.325694
19,main,LDT_129,máy đo huyết ạp,pseudoword,0,4,,,máy đo huyết áp,nonword,j,nonword,1,1.343914
19,main,LDT_130,môi trường bẹn ngoài,pseudoword,0,4,,,môi trường bên ngoài,nonword,j,nonword,1,1.294134
19,main,LDT_131,mẹ chồng nàng hâu,pseudoword,0,4,,,mẹ chồng nàng dâu,nonword,j,nonword,1,1.334354
19,main,LDT_132,nghiên cứu khoa hỏc,pseudoword,0,4,,,nghiên cứu khoa học,nonword,j,nonword,1,1.312574
19,main,LDT_133,nước mạm nguyên chất,pseudoword,0,4,,,nước mắm nguyên chất,nonword,j,nonword,1,1.352794
19,main,LDT_134,nước uống thé thao,pseudoword,0,4,,,nước uống thể thao,nonword,j,nonword,1,1.303014
19,main,LDT_135,quan hệ vợ chọng,pseudoword,0,4,,,quan hệ vợ chồng,nonword,j,nonword,1,1.327234
19,main,LDT_136,quan hế xã hội,pseudoword,0,4,,,quan hệ xã hội,nonword,j,nonword,1,1.345454
19,main,LDT_137,tai nán lao động,pseudoword,0,4,,,tai nạn lao động,nonword,j,nonword,1,1.295674
19,main,LDT_138,thị trườc nội địa,pseudoword,0,4,,,thị trường nội địa,nonword,j,nonword,1,1.335894
19,main,LDT_139,thủ công mý nghệ,pseudoword,0,4,,,thủ công mỹ nghệ,nonword,j,nonword,1,1.314114
19,main,LDT_140,thủc phẩm chế biến,pseudoword,0,4,,,thực phẩm chế biến,nonword,j,nonword,1,1.354334
19,main,LDT_141,trính độ học vấn,pseudoword,0,4,,,trình độ học vấn,nonword,j,nonword,1,1.304554
19,main,LDT_142,tình yêu đich thực,pseudoword,0,4,,,tình yêu đích thực,nonword,j,nonword,1,1.328774
19,main,LDT_143,văn hóa ẩm thủc,pseudoword,0,4,,,văn hóa ẩm thực,nonword,j,nonword,1,1.346994
19,main,LDT_144,điều kiện kịnh tế,pseudoword,0,4,,,điều kiện kinh tế,nonword,j,nonword,1,1.297214
19,main,LDT_145,điệc thoại di động,pseudoword,0,4,,,điện thoại di động,nonword,f,word,0,1.337434
19,main,LDT_146,đanh mất lòng tin,pseudoword,0,4,,,đánh mất lòng tin,nonword,j,nonword,1,1.315654
19,main,LDT_147,địm kiến xã hội,pseudoword,0,4,,,định kiến xã hội,nonword,j,nonword,1,1.355874
19,main,LDT_263,chuyên viên tư vấn,word,1,4,7.0,1.9459101490553128,chuyên viên tư vấn,word,f,word,1,1.143715
19,main,LDT_264,cuộc sống gia đình,word,1,4,40.0,3.688879454113936,cuộc sống gia đình,word,f,word,1,1.11216
19,main,LDT_265,công nghệ thông tin,word,1,4,6.0,1.791759469,công nghệ thông tin,word,f,word,1,1.191088
19,main,LDT_266,cơ sở sản xuất,word,1,4,3.0,1.098612289,cơ sở sản xuất,word,f,word,1,1.163488
19,main,LDT_267,cửa hàng hoa tươi,word,1,4,4.0,1.386294361,cửa hàng hoa tươi,word,f,word,1,1.194503
19,main,LDT_268,cửa hàng thực phẩm,word,1,4,3.0,1.098612289,cửa hàng thực phẩm,word,f,word,1,1.181928
19,main,LDT_269,diễn đàn quốc tế,word,1,4,4.0,1.386294361,diễn đàn quốc tế,word,f,word,1,1.212943
19,main,LDT_270,giám đốc công ty,word,1,4,5.0,1.609437912,giám đốc công ty,word,f,word,1,1.156022
19,main,LDT_271,hoạt động xã hội,word,1,4,5.0,1.609437912,hoạt động xã hội,word,f,word,1,1.180242
19,main,LDT_272,hạnh phúc gia đình,word,1,4,44.0,3.784189633918261,hạnh phúc gia đình,word,f,word,1,1.12887
19,main,LDT_273,mái ấm gia đình,word,1,4,16.0,2.772588722239781,mái ấm gia đình,word,f,word,1,1.111461
19,main,LDT_274,máy pha cà phê,word,1,4,6.0,1.791759469,máy pha cà phê,word,f,word,1,1.183068
19,main,LDT_275,máy xay sinh tố,word,1,4,5.0,1.609437912,máy xay sinh tố,word,f,word,1,1.167122
19,main,LDT_276,máy đo huyết áp,word,1,4,3.0,1.098612289,máy đo huyết áp,word,f,word,1,1.223688
19,main,LDT_277,môi trường bên ngoài,word,1,4,3.0,1.098612289,môi trường bên ngoài,word,f,word,1,1.173908
19,main,LDT_278,mẹ chồng nàng dâu,word,1,4,7.0,1.9459101490553128,mẹ chồng nàng dâu,word,f,word,1,1.171015
19,main,LDT_279,nghiên cứu khoa học,word,1,4,3.0,1.098612289,nghiên cứu khoa học,word,f,word,1,1.216348
19,main,LDT_280,nước mắm nguyên chất,word,1,4,6.0,1.791759469,nước mắm nguyên chất,word,f,word,1,1.144388
19,main,LDT_281,nước uống thể thao,word,1,4,4.0,1.386294361,nước uống thể thao,word,f,word,1,1.197583
19,main,LDT_282,quan hệ vợ chồng,word,1,4,18.0,2.8903717578961645,quan hệ vợ chồng,word,f,word,1,1.127672
19,main,LDT_283,quan hệ xã hội,word,1,4,4.0,1.386294361,quan hệ xã hội,word,f,word,1,1.216023
19,main,LDT_284,tai nạn lao động,word,1,4,3.0,1.098612289,tai nạn lao động,word,f,word,1,1.175448
19,main,LDT_285,thị trường nội địa,word,1,4,5.0,1.609437912,thị trường nội địa,word,f,word,1,1.183322
19,main,LDT_286,thủ công mỹ nghệ,word,1,4,4.0,1.386294361,thủ công mỹ nghệ,word,f,word,1,1.208683
19,main,LDT_287,thực phẩm chế biến,word,1,4,7.0,1.9459101490553128,thực phẩm chế biến,word,f,word,1,1.140995
19,main,LDT_288,trình độ học vấn,word,1,4,12.0,2.4849066497880004,trình độ học vấn,word,f,word,1,1.163967
19,main,LDT_289,tình yêu đích thực,word,1,4,23.0,3.1354942159291497,tình yêu đích thực,word,f,word,1,1.121368
19,main,LDT_290,văn hóa ẩm thực,word,1,4,3.0,1.098612289,văn hóa ẩm thực,word,f,word,1,1.226768
19,main,LDT_291,điều kiện kinh tế,word,1,4,5.0,1.609437912,điều kiện kinh tế,word,f,word,1,1.160642
19,main,LDT_292,điện thoại di động,word,1,4,14.0,2.6390573296152584,điện thoại di động,word,f,word,1,1.151914
19,main,LDT_293,đánh mất lòng tin,word,1,4,3.0,1.098612289,đánh mất lòng tin,word,f,word,1,1.219428
19,main,LDT_294,định kiến xã hội,word,1,4,3.0,1.098612289,định kiến xã hội,word,f,word,1,1.169648
