lexical_item,frequency,log_frequency,syllable_length,source_file,keep_status,filter_reason,warning_flag
cốc,19,2.9444389791664403,1,unigrams_frequency.csv,keep,kept_after_rule_filter,
ngân,23,3.1354942159291497,1,unigrams_frequency.csv,keep,kept_after_rule_filter,
cỏ,26,3.258096538021482,1,unigrams_frequency.csv,keep,kept_after_rule_filter,
núi,31,3.4339872044851463,1,unigrams_frequency.csv,keep,kept_after_rule_filter,
rừng,31,3.4339872044851463,1,unigrams_frequency.csv,keep,kept_after_rule_filter,
án,32,3.4657359027997265,1,unigrams_frequency.csv,keep,kept_after_rule_filter,
viện,39,3.6635616461296463,1,unigrams_frequency.csv,keep,kept_after_rule_filter,
bút,41,3.713572066704308,1,unigrams_frequency.csv,keep,kept_after_rule_filter,
mũ,47,3.8501476017100575,1,unigrams_frequency.csv,keep,kept_after_rule_filter,
dịch,52,3.951243718581428,1,unigrams_frequency.csv,keep,kept_after_rule_filter,
thuốc,57,4.04305126783455,1,unigrams_frequency.csv,keep,kept_after_rule_filter,
môi,58,4.060443010546419,1,unigrams_frequency.csv,keep,kept_after_rule_filter,
sông,60,4.0943445622221,1,unigrams_frequency.csv,keep,kept_after_rule_filter,
biển,64,4.158883083359672,1,unigrams_frequency.csv,keep,kept_after_rule_filter,
luật,74,4.30406509320417,1,unigrams_frequency.csv,keep,kept_after_rule_filter,
báo,79,4.3694478524670215,1,unigrams_frequency.csv,keep,kept_after_rule_filter,
quyền,84,4.430816798843313,1,unigrams_frequency.csv,keep,kept_after_rule_filter,
trị,91,4.51085950651685,1,unigrams_frequency.csv,keep,kept_after_rule_filter,
sách,97,4.574710978503383,1,unigrams_frequency.csv,keep,kept_after_rule_filter,
thống,104,4.6443908991413725,1,unigrams_frequency.csv,keep,kept_after_rule_filter,
nghệ,105,4.653960350157523,1,unigrams_frequency.csv,keep,kept_after_rule_filter,
chợ,108,4.68213122712422,1,unigrams_frequency.csv,keep,kept_after_rule_filter,
bệnh,111,4.709530201312334,1,unigrams_frequency.csv,keep,kept_after_rule_filter,
gió,118,4.770684624465665,1,unigrams_frequency.csv,keep,kept_after_rule_filter,
ghế,133,4.890349128221754,1,unigrams_frequency.csv,keep,kept_after_rule_filter,
đất,138,4.927253685157205,1,unigrams_frequency.csv,keep,kept_after_rule_filter,
đá,140,4.941642422609304,1,unigrams_frequency.csv,keep,kept_after_rule_filter,
dân,155,5.043425116919247,1,unigrams_frequency.csv,keep,kept_after_rule_filter,
vải,178,5.181783550292085,1,unigrams_frequency.csv,keep,kept_after_rule_filter,
áo,184,5.214935757608986,1,unigrams_frequency.csv,keep,kept_after_rule_filter,
lực,199,5.293304824724492,1,unigrams_frequency.csv,keep,kept_after_rule_filter,
nghiệp,215,5.3706380281276624,1,unigrams_frequency.csv,keep,kept_after_rule_filter,
xe,217,5.37989735354046,1,unigrams_frequency.csv,keep,kept_after_rule_filter,
tế,224,5.41164605185504,1,unigrams_frequency.csv,keep,kept_after_rule_filter,
lớp,240,5.480638923341991,1,unigrams_frequency.csv,keep,kept_after_rule_filter,
vật,252,5.529429087511423,1,unigrams_frequency.csv,keep,kept_after_rule_filter,
cửa,258,5.552959584921617,1,unigrams_frequency.csv,keep,kept_after_rule_filter,
cây,281,5.638354669333745,1,unigrams_frequency.csv,keep,kept_after_rule_filter,
hội,306,5.723585101952381,1,unigrams_frequency.csv,keep,kept_after_rule_filter,
đèn,306,5.723585101952381,1,unigrams_frequency.csv,keep,kept_after_rule_filter,
mắt,317,5.75890177387728,1,unigrams_frequency.csv,keep,kept_after_rule_filter,
tiền,317,5.75890177387728,1,unigrams_frequency.csv,keep,kept_after_rule_filter,
bàn,333,5.808142489980444,1,unigrams_frequency.csv,keep,kept_after_rule_filter,
cầu,351,5.860786223465865,1,unigrams_frequency.csv,keep,kept_after_rule_filter,
liệu,352,5.863631175598097,1,unigrams_frequency.csv,keep,kept_after_rule_filter,
phẩm,406,6.0063531596017325,1,unigrams_frequency.csv,keep,kept_after_rule_filter,
lá,443,6.093569770045136,1,unigrams_frequency.csv,keep,kept_after_rule_filter,
trường,452,6.113682179832232,1,unigrams_frequency.csv,keep,kept_after_rule_filter,
hoa,572,6.349138991379798,1,unigrams_frequency.csv,keep,kept_after_rule_filter,
máy,598,6.393590753950631,1,unigrams_frequency.csv,keep,kept_after_rule_filter,
đường,598,6.393590753950631,1,unigrams_frequency.csv,keep,kept_after_rule_filter,
tin,679,6.520621127558696,1,unigrams_frequency.csv,keep,kept_after_rule_filter,
hàng,700,6.551080335043404,1,unigrams_frequency.csv,keep,kept_after_rule_filter,
giá,714,6.570882962339584,1,unigrams_frequency.csv,keep,kept_after_rule_filter,
tay,755,6.626717749249025,1,unigrams_frequency.csv,keep,kept_after_rule_filter,
hợp,765,6.639875833826536,1,unigrams_frequency.csv,keep,kept_after_rule_filter,
học,778,6.656726524178391,1,unigrams_frequency.csv,keep,kept_after_rule_filter,
cá,925,6.829793737512425,1,unigrams_frequency.csv,keep,kept_after_rule_filter,
nhà,1208,7.0967213784947605,1,unigrams_frequency.csv,keep,kept_after_rule_filter,
nước,1464,7.288927694521257,1,unigrams_frequency.csv,keep,kept_after_rule_filter,
trị giá,10,2.302585092994046,2,bigrams_frequency.csv,keep,kept_after_rule_filter,
chấm nước,11,2.3978952727983707,2,bigrams_frequency.csv,keep,kept_after_rule_filter,
hơi nước,11,2.3978952727983707,2,bigrams_frequency.csv,keep,kept_after_rule_filter,
máy lạnh,11,2.3978952727983707,2,bigrams_frequency.csv,keep,kept_after_rule_filter,
nước muối,11,2.3978952727983707,2,bigrams_frequency.csv,keep,kept_after_rule_filter,
biện pháp,12,2.4849066497880004,2,bigrams_frequency.csv,keep,kept_after_rule_filter,
cây cảnh,12,2.4849066497880004,2,bigrams_frequency.csv,keep,kept_after_rule_filter,
cây xanh,12,2.4849066497880004,2,bigrams_frequency.csv,keep,kept_after_rule_filter,
giá vé,12,2.4849066497880004,2,bigrams_frequency.csv,keep,kept_after_rule_filter,
hàng trung,12,2.4849066497880004,2,bigrams_frequency.csv,keep,kept_after_rule_filter,
nước xốt,12,2.4849066497880004,2,bigrams_frequency.csv,keep,kept_after_rule_filter,
tinh tế,12,2.4849066497880004,2,bigrams_frequency.csv,keep,kept_after_rule_filter,
đất nước,12,2.4849066497880004,2,bigrams_frequency.csv,keep,kept_after_rule_filter,
bệnh viện,13,2.5649493574615367,2,bigrams_frequency.csv,keep,kept_after_rule_filter,
dùng máy,13,2.5649493574615367,2,bigrams_frequency.csv,keep,kept_after_rule_filter,
máy vi,13,2.5649493574615367,2,bigrams_frequency.csv,keep,kept_after_rule_filter,
chén nước,14,2.6390573296152584,2,bigrams_frequency.csv,keep,kept_after_rule_filter,
khỏi nhà,14,2.6390573296152584,2,bigrams_frequency.csv,keep,kept_after_rule_filter,
mái nhà,14,2.6390573296152584,2,bigrams_frequency.csv,keep,kept_after_rule_filter,
xe đẩy,14,2.6390573296152584,2,bigrams_frequency.csv,keep,kept_after_rule_filter,
giá thành,16,2.772588722239781,2,bigrams_frequency.csv,keep,kept_after_rule_filter,
mức giá,16,2.772588722239781,2,bigrams_frequency.csv,keep,kept_after_rule_filter,
pháp luật,16,2.772588722239781,2,bigrams_frequency.csv,keep,kept_after_rule_filter,
nước đường,17,2.833213344056216,2,bigrams_frequency.csv,keep,kept_after_rule_filter,
máy xay,18,2.8903717578961645,2,bigrams_frequency.csv,keep,kept_after_rule_filter,
đáng tin,18,2.8903717578961645,2,bigrams_frequency.csv,keep,kept_after_rule_filter,
doanh nghiệp,19,2.9444389791664403,2,bigrams_frequency.csv,keep,kept_after_rule_filter,
giá rẻ,19,2.9444389791664403,2,bigrams_frequency.csv,keep,kept_after_rule_filter,
phương pháp,19,2.9444389791664403,2,bigrams_frequency.csv,keep,kept_after_rule_filter,
khoa học,20,2.995732273553991,2,bigrams_frequency.csv,keep,kept_after_rule_filter,
nhà cửa,20,2.995732273553991,2,bigrams_frequency.csv,keep,kept_after_rule_filter,
lao động,21,3.044522437723423,2,bigrams_frequency.csv,keep,kept_after_rule_filter,
giáo dục,23,3.1354942159291497,2,bigrams_frequency.csv,keep,kept_after_rule_filter,
học thức,24,3.1780538303479458,2,bigrams_frequency.csv,keep,kept_after_rule_filter,
ngâm nước,25,3.218875824868201,2,bigrams_frequency.csv,keep,kept_after_rule_filter,
luật pháp,26,3.258096538021482,2,bigrams_frequency.csv,keep,kept_after_rule_filter,
ráo nước,26,3.258096538021482,2,bigrams_frequency.csv,keep,kept_after_rule_filter,
công nghiệp,27,3.295836866004329,2,bigrams_frequency.csv,keep,kept_after_rule_filter,
nước dừa,28,3.332204510175204,2,bigrams_frequency.csv,keep,kept_after_rule_filter,
văn hóa,28,3.332204510175204,2,bigrams_frequency.csv,keep,kept_after_rule_filter,
tốt nghiệp,29,3.367295829986474,2,bigrams_frequency.csv,keep,kept_after_rule_filter,
nghệ thuật,30,3.4011973816621555,2,bigrams_frequency.csv,keep,kept_after_rule_filter,
nước nóng,32,3.4657359027997265,2,bigrams_frequency.csv,keep,kept_after_rule_filter,
mặt hàng,34,3.5263605246161616,2,bigrams_frequency.csv,keep,kept_after_rule_filter,
kinh tế,36,3.58351893845611,2,bigrams_frequency.csv,keep,kept_after_rule_filter,
hệ thống,37,3.610917912644224,2,bigrams_frequency.csv,keep,kept_after_rule_filter,
khách hàng,38,3.6375861597263857,2,bigrams_frequency.csv,keep,kept_after_rule_filter,
du học,42,3.737669618283368,2,bigrams_frequency.csv,keep,kept_after_rule_filter,
môi trường,42,3.737669618283368,2,bigrams_frequency.csv,keep,kept_after_rule_filter,
đồng nghiệp,45,3.80666248977032,2,bigrams_frequency.csv,keep,kept_after_rule_filter,
truyền thống,46,3.828641396489095,2,bigrams_frequency.csv,keep,kept_after_rule_filter,
học tập,51,3.9318256327243257,2,bigrams_frequency.csv,keep,kept_after_rule_filter,
cửa hàng,61,4.110873864173311,2,bigrams_frequency.csv,keep,kept_after_rule_filter,
tự tin,78,4.356708826689592,2,bigrams_frequency.csv,keep,kept_after_rule_filter,
tin tưởng,100,4.605170185988092,2,bigrams_frequency.csv,keep,kept_after_rule_filter,
thị trường,128,4.852030263919617,2,bigrams_frequency.csv,keep,kept_after_rule_filter,
nhà hàng,131,4.875197323201151,2,bigrams_frequency.csv,keep,kept_after_rule_filter,
công ty,135,4.90527477843843,2,bigrams_frequency.csv,keep,kept_after_rule_filter,
trường hợp,141,4.948759890378168,2,bigrams_frequency.csv,keep,kept_after_rule_filter,
cơ hội,164,5.099866427824199,2,bigrams_frequency.csv,keep,kept_after_rule_filter,
chủ cửa hàng,6,1.791759469228055,3,trigrams_frequency.csv,keep,kept_after_rule_filter,
công ty nước,6,1.791759469228055,3,trigrams_frequency.csv,keep,kept_after_rule_filter,
cầu sinh lý,6,1.791759469228055,3,trigrams_frequency.csv,keep,kept_after_rule_filter,
giá trung bình,6,1.791759469228055,3,trigrams_frequency.csv,keep,kept_after_rule_filter,
hàng khách sạn,6,1.791759469228055,3,trigrams_frequency.csv,keep,kept_after_rule_filter,
hãng sản xuất,6,1.791759469228055,3,trigrams_frequency.csv,keep,kept_after_rule_filter,
học vấn liệu,6,1.791759469228055,3,trigrams_frequency.csv,keep,kept_after_rule_filter,
máy nước nóng,6,1.791759469228055,3,trigrams_frequency.csv,keep,kept_after_rule_filter,
mất cơ hội,6,1.791759469228055,3,trigrams_frequency.csv,keep,kept_after_rule_filter,
nghệ thông tin,6,1.791759469228055,3,trigrams_frequency.csv,keep,kept_after_rule_filter,
nhà hàng khách,6,1.791759469228055,3,trigrams_frequency.csv,keep,kept_after_rule_filter,
nước bột bắp,6,1.791759469228055,3,trigrams_frequency.csv,keep,kept_after_rule_filter,
nước mắm đường,6,1.791759469228055,3,trigrams_frequency.csv,keep,kept_after_rule_filter,
nước mắm ớt,6,1.791759469228055,3,trigrams_frequency.csv,keep,kept_after_rule_filter,
trị giá đồng,6,1.791759469228055,3,trigrams_frequency.csv,keep,kept_after_rule_filter,
tâm lý học,6,1.791759469228055,3,trigrams_frequency.csv,keep,kept_after_rule_filter,
vùng sông nước,6,1.791759469228055,3,trigrams_frequency.csv,keep,kept_after_rule_filter,
xử lý nước,6,1.791759469228055,3,trigrams_frequency.csv,keep,kept_after_rule_filter,
gỗ công nghiệp,7,1.9459101490553128,3,trigrams_frequency.csv,keep,kept_after_rule_filter,
nét văn hóa,7,1.9459101490553128,3,trigrams_frequency.csv,keep,kept_after_rule_filter,
nước mắm chua,7,1.9459101490553128,3,trigrams_frequency.csv,keep,kept_after_rule_filter,
nước mắm me,7,1.9459101490553128,3,trigrams_frequency.csv,keep,kept_after_rule_filter,
rõ lập trường,7,1.9459101490553128,3,trigrams_frequency.csv,keep,kept_after_rule_filter,
so sánh giá,7,1.9459101490553128,3,trigrams_frequency.csv,keep,kept_after_rule_filter,
thể nhờ luật,7,1.9459101490553128,3,trigrams_frequency.csv,keep,kept_after_rule_filter,
cuối tuần nhà,8,2.079441541679836,3,trigrams_frequency.csv,keep,kept_after_rule_filter,
giá vé đồng,8,2.079441541679836,3,trigrams_frequency.csv,keep,kept_after_rule_filter,
nhờ luật pháp,8,2.079441541679836,3,trigrams_frequency.csv,keep,kept_after_rule_filter,
nước hoa hồng,8,2.079441541679836,3,trigrams_frequency.csv,keep,kept_after_rule_filter,
trường đại học,8,2.079441541679836,3,trigrams_frequency.csv,keep,kept_after_rule_filter,
cầu nối giữa,9,2.19722457733622,3,trigrams_frequency.csv,keep,kept_after_rule_filter,
liệu gồm cành,9,2.19722457733622,3,trigrams_frequency.csv,keep,kept_after_rule_filter,
loại trái cây,9,2.19722457733622,3,trigrams_frequency.csv,keep,kept_after_rule_filter,
nhà thiết kế,9,2.19722457733622,3,trigrams_frequency.csv,keep,kept_after_rule_filter,
nước trái cây,9,2.19722457733622,3,trigrams_frequency.csv,keep,kept_after_rule_filter,
pháp tốt nhất,9,2.19722457733622,3,trigrams_frequency.csv,keep,kept_after_rule_filter,
thiếu tự tin,9,2.19722457733622,3,trigrams_frequency.csv,keep,kept_after_rule_filter,
đồng công ty,9,2.19722457733622,3,trigrams_frequency.csv,keep,kept_after_rule_filter,
đồng sản phẩm,9,2.19722457733622,3,trigrams_frequency.csv,keep,kept_after_rule_filter,
dòng sản phẩm,10,2.302585092994046,3,trigrams_frequency.csv,keep,kept_after_rule_filter,
loại sản phẩm,10,2.302585092994046,3,trigrams_frequency.csv,keep,kept_after_rule_filter,
máy hút khói,10,2.302585092994046,3,trigrams_frequency.csv,keep,kept_after_rule_filter,
máy điều hòa,10,2.302585092994046,3,trigrams_frequency.csv,keep,kept_after_rule_filter,
suốt cuộc đời,10,2.302585092994046,3,trigrams_frequency.csv,keep,kept_after_rule_filter,
chênh lệch học,12,2.4849066497880004,3,trigrams_frequency.csv,keep,kept_after_rule_filter,
mất niềm tin,12,2.4849066497880004,3,trigrams_frequency.csv,keep,kept_after_rule_filter,
trình độ học,12,2.4849066497880004,3,trigrams_frequency.csv,keep,kept_after_rule_filter,
loại thực phẩm,13,2.5649493574615367,3,trigrams_frequency.csv,keep,kept_after_rule_filter,
máy hút bụi,13,2.5649493574615367,3,trigrams_frequency.csv,keep,kept_after_rule_filter,
máy vi tính,13,2.5649493574615367,3,trigrams_frequency.csv,keep,kept_after_rule_filter,
mất lòng tin,13,2.5649493574615367,3,trigrams_frequency.csv,keep,kept_after_rule_filter,
nghiệp đại học,13,2.5649493574615367,3,trigrams_frequency.csv,keep,kept_after_rule_filter,
thị trường hiện,13,2.5649493574615367,3,trigrams_frequency.csv,keep,kept_after_rule_filter,
nước mắm ngon,14,2.6390573296152584,3,trigrams_frequency.csv,keep,kept_after_rule_filter,
pháp can thiệp,15,2.70805020110221,3,trigrams_frequency.csv,keep,kept_after_rule_filter,
sử dụng máy,15,2.70805020110221,3,trigrams_frequency.csv,keep,kept_after_rule_filter,
máy nghe nhạc,18,2.8903717578961645,3,trigrams_frequency.csv,keep,kept_after_rule_filter,
nước cốt dừa,18,2.8903717578961645,3,trigrams_frequency.csv,keep,kept_after_rule_filter,
nước vo gạo,28,3.332204510175204,3,trigrams_frequency.csv,keep,kept_after_rule_filter,
nhà sản xuất,42,3.737669618283368,3,trigrams_frequency.csv,keep,kept_after_rule_filter,
chống bán phá giá,3,1.0986122886681098,4,fourgrams_frequency.csv,keep,kept_after_rule_filter,
cá rô tổng trường,3,1.0986122886681098,4,fourgrams_frequency.csv,keep,kept_after_rule_filter,
công nghiệp tân tạo,3,1.0986122886681098,4,fourgrams_frequency.csv,keep,kept_after_rule_filter,
công ty mỹ phẩm,3,1.0986122886681098,4,fourgrams_frequency.csv,keep,kept_after_rule_filter,
công ty sản xuất,3,1.0986122886681098,4,fourgrams_frequency.csv,keep,kept_after_rule_filter,
cơ sở sản xuất,3,1.0986122886681098,4,fourgrams_frequency.csv,keep,kept_after_rule_filter,
cửa hàng thực phẩm,3,1.0986122886681098,4,fourgrams_frequency.csv,keep,kept_after_rule_filter,
dịch vụ tẩy lông,3,1.0986122886681098,4,fourgrams_frequency.csv,keep,kept_after_rule_filter,
giá trung bình đồng,3,1.0986122886681098,4,fourgrams_frequency.csv,keep,kept_after_rule_filter,
giá đồng nước hoa,3,1.0986122886681098,4,fourgrams_frequency.csv,keep,kept_after_rule_filter,
luật chính quyền địa,3,1.0986122886681098,4,fourgrams_frequency.csv,keep,kept_after_rule_filter,
luật chống bán phá,3,1.0986122886681098,4,fourgrams_frequency.csv,keep,kept_after_rule_filter,
luật tố tụng hình,3,1.0986122886681098,4,fourgrams_frequency.csv,keep,kept_after_rule_filter,
máy ghi âm đa,3,1.0986122886681098,4,fourgrams_frequency.csv,keep,kept_after_rule_filter,
máy hút khói khử,3,1.0986122886681098,4,fourgrams_frequency.csv,keep,kept_after_rule_filter,
máy nước nóng trực,3,1.0986122886681098,4,fourgrams_frequency.csv,keep,kept_after_rule_filter,
máy sinh tố xay,3,1.0986122886681098,4,fourgrams_frequency.csv,keep,kept_after_rule_filter,
máy đo huyết áp,3,1.0986122886681098,4,fourgrams_frequency.csv,keep,kept_after_rule_filter,
môi trường bên ngoài,3,1.0986122886681098,4,fourgrams_frequency.csv,keep,kept_after_rule_filter,
nghiên cứu khoa học,3,1.0986122886681098,4,fourgrams_frequency.csv,keep,kept_after_rule_filter,
nước mắm dầu hào,3,1.0986122886681098,4,fourgrams_frequency.csv,keep,kept_after_rule_filter,
siêu thị cửa hàng,3,1.0986122886681098,4,fourgrams_frequency.csv,keep,kept_after_rule_filter,
tai nạn lao động,3,1.0986122886681098,4,fourgrams_frequency.csv,keep,kept_after_rule_filter,
thị trường kiểu dáng,3,1.0986122886681098,4,fourgrams_frequency.csv,keep,kept_after_rule_filter,
việt nam sản xuất,3,1.0986122886681098,4,fourgrams_frequency.csv,keep,kept_after_rule_filter,
văn hóa ẩm thực,3,1.0986122886681098,4,fourgrams_frequency.csv,keep,kept_after_rule_filter,
đánh mất lòng tin,3,1.0986122886681098,4,fourgrams_frequency.csv,keep,kept_after_rule_filter,
định kiến xã hội,3,1.0986122886681098,4,fourgrams_frequency.csv,keep,kept_after_rule_filter,
đồng sử dụng máy,3,1.0986122886681098,4,fourgrams_frequency.csv,keep,kept_after_rule_filter,
cửa hàng hoa tươi,4,1.3862943611198906,4,fourgrams_frequency.csv,keep,kept_after_rule_filter,
diễn đàn quốc tế,4,1.3862943611198906,4,fourgrams_frequency.csv,keep,kept_after_rule_filter,
khu công nghiệp tân,4,1.3862943611198906,4,fourgrams_frequency.csv,keep,kept_after_rule_filter,
máy sấy thế hệ,4,1.3862943611198906,4,fourgrams_frequency.csv,keep,kept_after_rule_filter,
nhà hàng sang trọng,4,1.3862943611198906,4,fourgrams_frequency.csv,keep,kept_after_rule_filter,
nước uống thể thao,4,1.3862943611198906,4,fourgrams_frequency.csv,keep,kept_after_rule_filter,
quan hệ xã hội,4,1.3862943611198906,4,fourgrams_frequency.csv,keep,kept_after_rule_filter,
thị trường chủ yếu,4,1.3862943611198906,4,fourgrams_frequency.csv,keep,kept_after_rule_filter,
thủ công mỹ nghệ,4,1.3862943611198906,4,fourgrams_frequency.csv,keep,kept_after_rule_filter,
trung tâm điện máy,4,1.3862943611198906,4,fourgrams_frequency.csv,keep,kept_after_rule_filter,
giám đốc công ty,5,1.6094379124341005,4,fourgrams_frequency.csv,keep,kept_after_rule_filter,
hoạt động xã hội,5,1.6094379124341005,4,fourgrams_frequency.csv,keep,kept_after_rule_filter,
máy xay sinh tố,5,1.6094379124341005,4,fourgrams_frequency.csv,keep,kept_after_rule_filter,
thị trường nội địa,5,1.6094379124341005,4,fourgrams_frequency.csv,keep,kept_after_rule_filter,
tràng xe cát biển,5,1.6094379124341005,4,fourgrams_frequency.csv,keep,kept_after_rule_filter,
xe cát biển đông,5,1.6094379124341005,4,fourgrams_frequency.csv,keep,kept_after_rule_filter,
điều kiện kinh tế,5,1.6094379124341005,4,fourgrams_frequency.csv,keep,kept_after_rule_filter,
đáp ứng nhu cầu,5,1.6094379124341005,4,fourgrams_frequency.csv,keep,kept_after_rule_filter,
công nghệ thông tin,6,1.791759469228055,4,fourgrams_frequency.csv,keep,kept_after_rule_filter,
công ty nước ngoài,6,1.791759469228055,4,fourgrams_frequency.csv,keep,kept_after_rule_filter,
lệch học vấn liệu,6,1.791759469228055,4,fourgrams_frequency.csv,keep,kept_after_rule_filter,
máy pha cà phê,6,1.791759469228055,4,fourgrams_frequency.csv,keep,kept_after_rule_filter,
nhà hàng khách sạn,6,1.791759469228055,4,fourgrams_frequency.csv,keep,kept_after_rule_filter,
nước mắm nguyên chất,6,1.791759469228055,4,fourgrams_frequency.csv,keep,kept_after_rule_filter,
thể nhờ luật pháp,7,1.9459101490553128,4,fourgrams_frequency.csv,keep,kept_after_rule_filter,
tỏ rõ lập trường,7,1.9459101490553128,4,fourgrams_frequency.csv,keep,kept_after_rule_filter,
cuối tuần nhà hàng,8,2.079441541679836,4,fourgrams_frequency.csv,keep,kept_after_rule_filter,
cầu nối giữa cha,8,2.079441541679836,4,fourgrams_frequency.csv,keep,kept_after_rule_filter,
máy nghe nhạc mp,8,2.079441541679836,4,fourgrams_frequency.csv,keep,kept_after_rule_filter,
tốt nghiệp đại học,13,2.5649493574615367,4,fourgrams_frequency.csv,keep,kept_after_rule_filter,
luật pháp can thiệp,15,2.70805020110221,4,fourgrams_frequency.csv,keep,kept_after_rule_filter,
