lexical_item,frequency,syllable_length,log_frequency
nghêu,5,1,1.6094379124341003
nấu,77,1,4.343805421853684
khế,3,1,1.0986122886681098
đây,99,1,4.59511985013459
là,1155,1,7.051855622955894
một,851,1,6.7464121285733745
món,111,1,4.709530201312334
ăn,180,1,5.19295685089021
dân,23,1,3.1354942159291497
dã,12,1,2.4849066497880004
ngon,53,1,3.970291913552122
và,1278,1,7.15305163493748
dễ,97,1,4.574710978503383
làm,488,1,6.1903154058531475
thương,131,1,4.875197323201151
được,727,1,6.588926477533519
dùng,178,1,5.181783550292085
với,860,1,6.756932389247553
cơm,28,1,3.332204510175204
trong,555,1,6.318968113746434
các,416,1,6.030685260261263
bữa,21,1,3.044522437723423
hằng,12,1,2.4849066497880004
ngày,130,1,4.867534450455582
rất,374,1,5.924255797414532
phù,32,1,3.4657359027997265
hợp,156,1,5.049856007249537
những,660,1,6.492239835020471
nắng,8,1,2.0794415416798357
nóng,35,1,3.5553480614894135
g,41,1,3.713572066704308
thịt,64,1,4.1588830833596715
nên,395,1,5.978885764901122
mua,98,1,4.584967478670572
loại,290,1,5.66988092298052
đã,460,1,6.131226489483141
sơ,18,1,2.8903717578961645
chế,44,1,3.784189633918261
sẵn,38,1,3.6375861597263857
có,1639,1,7.40184157874383
bán,39,1,3.6635616461296463
nhiều,398,1,5.986452005284438
ở,306,1,5.723585101952381
hàng,132,1,4.882801922586371
hải,3,1,1.0986122886681098
sản,97,1,4.574710978503383
hai,207,1,5.332718793265369
quả,85,1,4.442651256490317
chua,22,1,3.091042453358316
rửa,31,1,3.4339872044851463
sạch,37,1,3.6109179126442243
cắt,52,1,3.9512437185814275
bỏ,78,1,4.356708826689592
cạnh,46,1,3.828641396489095
thái,38,1,3.6375861597263857
lát,17,1,2.833213344056216
mỏng,16,1,2.772588722239781
ớt,25,1,3.2188758248682006
sừng,6,1,1.791759469228055
sợi,17,1,2.833213344056216
thìa,19,1,2.9444389791664403
giấm,3,1,1.0986122886681098
hành,63,1,4.143134726391533
lá,59,1,4.07753744390572
rau,52,1,3.9512437185814275
răm,2,1,0.6931471805599453
nhỏ,111,1,4.709530201312334
nước,195,1,5.272999558563747
mắm,23,1,3.1354942159291497
hạt,34,1,3.5263605246161616
nêm,14,1,2.6390573296152584
tiêu,39,1,3.6635616461296463
đường,102,1,4.624972813284271
tỏi,17,1,2.833213344056216
băm,13,1,2.5649493574615367
cách,193,1,5.262690188904886
cho,800,1,6.684611727667927
vào,293,1,5.680172609017068
rổ,5,1,1.6094379124341003
ngâm,6,1,1.791759469228055
chậu,4,1,1.3862943611198906
pha,29,1,3.367295829986474
tay,154,1,5.0369526024136295
chà,7,1,1.9459101490553132
nhớt,2,1,0.6931471805599453
cát,3,1,1.0986122886681098
lại,401,1,5.993961427306569
bằng,161,1,5.081404364984463
lạnh,44,1,3.784189633918261
để,620,1,6.429719478039138
ráo,7,1,1.9459101490553132
đun,17,1,2.833213344056216
dầu,51,1,3.9318256327243257
phi,12,1,2.4849066497880004
thơm,49,1,3.8918202981106265
xào,26,1,3.258096538021482
nhanh,23,1,3.1354942159291497
múc,7,1,1.9459101490553132
ra,315,1,5.752572638825633
bát,21,1,3.044522437723423
thêm,93,1,4.532599493153256
chút,59,1,4.07753744390572
nồi,59,1,4.07753744390572
sôi,16,1,2.772588722239781
cuối,40,1,3.6888794541139363
cùng,159,1,5.0689042022202315
thì,469,1,6.150602768446279
tô,14,1,2.6390573296152584
anh,1604,1,7.38025578842646
thành,255,1,5.541263545158426
đừng,129,1,4.859812404361672
tỏ,56,1,4.02535169073515
yếu,47,1,3.8501476017100584
đuối,29,1,3.367295829986474
trước,125,1,4.8283137373023015
người,1112,1,7.013915474810528
yêu,744,1,6.612041034833092
con,265,1,5.579729825986222
gái,178,1,5.181783550292085
xinh,17,1,2.833213344056216
đẹp,98,1,4.584967478670572
đảm,37,1,3.6109179126442243
đang,133,1,4.890349128221754
luôn,130,1,4.867534450455582
muốn,205,1,5.3230099791384085
đàn,186,1,5.225746673713202
ông,210,1,5.3471075307174685
mạnh,58,1,4.060443010546419
mẽ,21,1,3.044522437723423
quyết,119,1,4.77912349311153
đoán,9,1,2.1972245773362196
hơi,48,1,3.871201010907891
lùng,4,1,1.3862943611198906
đôi,63,1,4.143134726391533
khi,589,1,6.3784261836515865
cầnkìm,1,1,0.0
nén,8,1,2.0794415416798357
cảm,385,1,5.953243334287785
xúc,48,1,3.871201010907891
không,1506,1,7.317212408359839
ta,331,1,5.802118375377063
biết,272,1,5.605802066295998
rằng,203,1,5.313205979041787
mình,606,1,6.406879986069314
sàng,16,1,2.772588722239781
hy,62,1,4.127134385045092
sinh,100,1,4.605170185988092
vì,346,1,5.846438775057725
dù,104,1,4.6443908991413725
cô,539,1,6.289715570908998
ấy,639,1,6.459904454377535
đến,379,1,5.937536205082426
chừng,10,1,2.302585092994046
nào,196,1,5.278114659230517
đi,283,1,5.645446897643238
nữa,146,1,4.983606621708336
cũng,571,1,6.3473892096560105
dần,14,1,2.6390573296152584
hiểu,126,1,4.836281906951478
vội,17,1,2.833213344056216
vàng,49,1,3.8918202981106265
thể,541,1,6.293419278846481
hiện,161,1,5.081404364984463
ngay,66,1,4.189654742026425
thân,146,1,4.983606621708336
mến,42,1,3.7376696182833684
tôi,1410,1,7.251344983372214
nhưng,425,1,6.052089168924417
tâm,193,1,5.262690188904886
trạng,28,1,3.332204510175204
của,1110,1,7.01211529430638
lúc,134,1,4.897839799950911
này,366,1,5.902633333401366
xưa,33,1,3.4965075614664802
giống,75,1,4.31748811353631
như,622,1,6.432940092739179
bây,58,1,4.060443010546419
giờ,164,1,5.099866427824199
còn,348,1,5.8522024797744745
học,223,1,5.407171771460119
thức,71,1,4.2626798770413155
kiêu,3,1,1.0986122886681098
theo,208,1,5.337538079701318
lời,132,1,4.882801922586371
nhận,151,1,5.017279836814924
xét,12,1,2.4849066497880004
mọi,107,1,4.672828834461906
đặc,59,1,4.07753744390572
biệt,56,1,4.02535169073515
thích,137,1,4.919980925828125
cắm,22,1,3.091042453358316
hoa,96,1,4.564348191467836
đầu,139,1,4.9344739331306915
tiên,29,1,3.367295829986474
quá,173,1,5.153291594497779
mềm,37,1,3.6109179126442243
nghĩ,264,1,5.575949103146316
nếu,305,1,5.720311776607412
hơn,331,1,5.802118375377063
phải,473,1,6.159095388491933
hay,264,1,5.575949103146316
thấy,236,1,5.4638318050256105
chán,15,1,2.70805020110221
nản,8,1,2.0794415416798357
sự,405,1,6.003887067106539
diện,19,1,2.9444389791664403
khen,16,1,2.772588722239781
khác,191,1,5.25227342804663
mặt,92,1,4.5217885770490405
so,68,1,4.219507705176107
bì,17,1,2.833213344056216
buồn,80,1,4.382026634673881
khổ,104,1,4.6443908991413725
điều,248,1,5.5134287461649825
chứ,40,1,3.6888794541139363
bên,146,1,4.983606621708336
an,46,1,3.828641396489095
ủi,18,1,2.8903717578961645
tình,521,1,6.255750041753367
thật,246,1,5.5053315359323625
lắm,54,1,3.9889840465642745
mỗi,54,1,3.9889840465642745
gặp,79,1,4.3694478524670215
âu,15,1,2.70805020110221
yếm,5,1,1.6094379124341003
nhẹ,41,1,3.713572066704308
nhàng,17,1,2.833213344056216
sợ,42,1,3.7376696182833684
mất,69,1,4.23410650459726
cứ,69,1,4.23410650459726
vậy,184,1,5.214935757608986
thời,198,1,5.288267030694535
gian,186,1,5.225746673713202
nói,306,1,5.723585101952381
chia,116,1,4.7535901911063645
lòng,142,1,4.955827057601261
vẫn,155,1,5.043425116919247
chính,95,1,4.553876891600541
thiếu,43,1,3.7612001156935624
giảm,26,1,3.258096538021482
đối,91,1,4.51085950651685
cần,197,1,5.2832037287379885
kìm,4,1,1.3862943611198906
bao,123,1,4.812184355372417
kể,49,1,3.8918202981106265
nghe,55,1,4.007333185232471
tiếp,80,1,4.382026634673881
câu,61,1,4.110873864173311
chuyện,247,1,5.5093883366279774
sau,249,1,5.517452896464707
nhìn,62,1,4.127134385045092
ánh,19,1,2.9444389791664403
mắt,45,1,3.8066624897703196
đầy,16,1,2.772588722239781
rồi,141,1,4.948759890378168
cả,258,1,5.552959584921617
tuần,26,1,3.258096538021482
liền,9,1,2.1972245773362196
liên,28,1,3.332204510175204
lạc,19,1,2.9444389791664403
bắt,52,1,3.9512437185814275
nhớ,40,1,3.6888794541139363
sống,233,1,5.4510384535657
bình,100,1,4.605170185988092
dị,13,1,2.5649493574615367
tốt,138,1,4.927253685157205
quý,28,1,3.332204510175204
công,154,1,5.0369526024136295
việc,232,1,5.44673737166631
vô,50,1,3.912023005428146
tìm,124,1,4.820281565605037
càng,90,1,4.499809670330265
buổi,19,1,2.9444389791664403
chiều,39,1,3.6635616461296463
em,356,1,5.87493073085203
chỉ,283,1,5.645446897643238
thôi,73,1,4.290459441148391
từ,217,1,5.37989735354046
đó,439,1,6.0844994130751715
nay,72,1,4.276666119016055
chúng,170,1,5.135798437050262
hạnh,160,1,5.075173815233827
phúc,162,1,5.087596335232384
nhau,323,1,5.777652323222656
góp,7,1,1.9459101490553132
ý,177,1,5.176149732573829
gì,228,1,5.429345628954441
chưa,94,1,4.543294782270004
đúng,68,1,4.219507705176107
nêu,4,1,1.3862943611198906
quan,203,1,5.313205979041787
điểm,109,1,4.6913478822291435
giúp,89,1,4.48863636973214
tin,128,1,4.852030263919617
sẽ,423,1,6.0473721790462776
phương,45,1,3.8066624897703196
hướng,36,1,3.58351893845611
bản,78,1,4.356708826689592
đoan,4,1,1.3862943611198906
trang,69,1,4.23410650459726
đâu,90,1,4.499809670330265
tĩnh,18,1,2.8903717578961645
từng,72,1,4.276666119016055
bước,55,1,4.007333185232471
hãy,250,1,5.521460917862246
bã,1,1,0.0
đau,119,1,4.77912349311153
ạ,33,1,3.4965075614664802
chúc,28,1,3.332204510175204
sớm,26,1,3.258096538021482
niềm,31,1,3.4339872044851463
vui,65,1,4.174387269895637
vọng,54,1,3.9889840465642745
chị,426,1,6.054439346269371
thần,13,1,2.5649493574615367
tượng,32,1,3.4657359027997265
hóa,23,1,3.1354942159291497
bạn,830,1,6.721425700790643
chờ,32,1,3.4657359027997265
đợi,27,1,3.295836866004329
phản,27,1,3.295836866004329
ứng,29,1,3.367295829986474
kiềm,2,1,0.6931471805599453
thẳng,53,1,3.970291913552122
thắn,24,1,3.1780538303479458
nhạy,13,1,2.5649493574615367
đánh,44,1,3.784189633918261
giá,134,1,4.897839799950911
xem,64,1,4.1588830833596715
thế,226,1,5.420534999272286
thoải,15,1,2.70805020110221
mái,20,1,2.995732273553991
về,239,1,5.476463551931511
đề,98,1,4.584967478670572
tài,38,1,3.6375861597263857
khó,116,1,4.7535901911063645
chịu,86,1,4.454347296253507
phần,86,1,4.454347296253507
độ,134,1,4.897839799950911
do,111,1,4.709530201312334
lý,86,1,4.454347296253507
chẳng,68,1,4.219507705176107
hạn,19,1,2.9444389791664403
lo,51,1,3.9318256327243257
lắng,25,1,3.2188758248682006
nơi,64,1,4.1588830833596715
đông,21,1,3.044522437723423
văn,30,1,3.4011973816621555
tây,21,1,3.044522437723423
mà,416,1,6.030685260261263
lứa,15,1,2.70805020110221
cộng,9,1,2.1972245773362196
đáng,45,1,3.8066624897703196
chê,4,1,1.3862943611198906
cười,9,1,2.1972245773362196
việt,35,1,3.5553480614894135
nam,53,1,3.970291913552122
số,83,1,4.418840607796598
châu,14,1,2.6390573296152584
á,5,1,1.6094379124341003
coi,31,1,3.4339872044851463
động,135,1,4.90527477843843
tế,43,1,3.7612001156935624
nhị,8,1,2.0794415416798357
niệm,22,1,3.091042453358316
cấm,2,1,0.6931471805599453
kỵ,1,1,0.0
đồng,168,1,5.123963979403259
nghiệp,39,1,3.6635616461296463
trung,86,1,4.454347296253507
nhật,20,1,2.995732273553991
ức,2,1,0.6931471805599453
vật,52,1,3.9512437185814275
hoàn,114,1,4.736198448394496
toàn,74,1,4.30406509320417
giấu,13,1,2.5649493574615367
kín,17,1,2.833213344056216
quay,24,1,3.1780538303479458
sở,27,1,3.295836866004329
tác,47,1,3.8501476017100584
lớn,81,1,4.394449154672439
tới,56,1,4.02535169073515
dịp,9,1,2.1972245773362196
dành,70,1,4.248495242049359
hẳn,13,1,2.5649493574615367
tặng,16,1,2.772588722239781
sánh,49,1,3.8918202981106265
hỏi,62,1,4.127134385045092
trực,11,1,2.3978952727983707
nàng,106,1,4.663439094112067
đằng,4,1,1.3862943611198906
sẻ,48,1,3.871201010907891
ấn,10,1,2.302585092994046
hệ,77,1,4.343805421853684
nữ,81,1,4.394449154672439
thảo,11,1,2.3978952727983707
luận,11,1,2.3978952727983707
cởi,3,1,1.0986122886681098
mở,30,1,3.4011973816621555
tố,9,1,2.1972245773362196
thông,86,1,4.454347296253507
tưởng,48,1,3.871201010907891
đẳng,2,1,0.6931471805599453
giữa,53,1,3.970291913552122
họ,176,1,5.170483995038151
xứng,17,1,2.833213344056216
mãi,13,1,2.5649493574615367
hề,34,1,3.5263605246161616
tín,8,1,2.0794415416798357
hiệu,52,1,3.9512437185814275
đáp,11,1,2.3978952727983707
tương,79,1,4.3694478524670215
đương,13,1,2.5649493574615367
phía,33,1,3.4965075614664802
kia,33,1,3.4965075614664802
đựng,34,1,3.5263605246161616
trai,84,1,4.430816798843313
xin,46,1,3.828641396489095
mộc,8,1,2.0794415416798357
mạc,4,1,1.3862943611198906
thứ,88,1,4.477336814478207
nhất,152,1,5.0238805208462765
mù,12,1,2.4849066497880004
quáng,8,1,2.0794415416798357
ai,117,1,4.762173934797756
tự,149,1,5.003946305945459
ái,15,1,2.70805020110221
chấp,49,1,3.8918202981106265
e,24,1,3.1780538303479458
cuộc,152,1,5.0238805208462765
bền,16,1,2.772588722239781
vững,10,1,2.302585092994046
thay,46,1,3.828641396489095
đổi,52,1,3.9512437185814275
suy,103,1,4.634728988229636
lâu,38,1,3.6375861597263857
riêng,64,1,4.1588830833596715
phái,15,1,2.70805020110221
cưng,2,1,0.6931471805599453
đụng,3,1,1.0986122886681098
chạm,6,1,1.791759469228055
hoài,6,1,1.791759469228055
chăng,16,1,2.772588722239781
tất,86,1,4.454347296253507
hồn,11,1,2.3978952727983707
cái,148,1,4.997212273764115
gọi,45,1,3.8066624897703196
tính,107,1,4.672828834461906
toán,15,1,2.70805020110221
ba,79,1,4.3694478524670215
kéo,38,1,3.6375861597263857
dài,42,1,3.7376696182833684
nội,41,1,3.713572066704308
chọn,169,1,5.1298987149230735
bấy,3,1,1.0986122886681098
gia,264,1,5.575949103146316
đình,212,1,5.356586274672012
mai,197,1,5.2832037287379885
bánh,98,1,4.584967478670572
cuốn,12,1,2.4849066497880004
làng,9,1,2.1972245773362196
kênh,3,1,1.0986122886681098
định,147,1,4.990432586778736
bí,12,1,2.4849066497880004
truyền,11,1,2.3978952727983707
nghề,2,1,0.6931471805599453
dâu,21,1,3.044522437723423
thanh,29,1,3.367295829986474
trì,8,1,2.0794415416798357
đứt,5,1,1.6094379124341003
mịn,6,1,1.791759469228055
trắng,54,1,3.9889840465642745
hình,95,1,4.553876891600541
đậm,22,1,3.091042453358316
đà,16,1,2.772588722239781
chấm,23,1,3.1354942159291497
dụng,167,1,5.117993812416755
cụ,18,1,2.8903717578961645
đơn,52,1,3.9512437185814275
giản,34,1,3.5263605246161616
cầu,64,1,4.1588830833596715
kỳ,30,1,3.4011973816621555
gáo,1,1,0.0
bột,35,1,3.5553480614894135
ống,19,1,2.9444389791664403
nứa,1,1,0.0
tép,6,1,1.791759469228055
que,4,1,1.3862943611198906
cất,9,1,2.1972245773362196
sểu,1,1,0.0
nhân,78,1,4.356708826689592
tre,14,1,2.6390573296152584
lớp,52,1,3.9512437185814275
vải,26,1,3.258096538021482
bảo,84,1,4.430816798843313
ôn,7,1,1.9459101490553132
vung,4,1,1.3862943611198906
đạt,31,1,3.4339872044851463
kỹ,38,1,3.6375861597263857
thuật,17,1,2.833213344056216
thấm,9,1,2.1972245773362196
giữ,71,1,4.2626798770413155
nhiệt,47,1,3.8501476017100584
mới,135,1,4.90527477843843
chín,32,1,3.4657359027997265
gạo,23,1,3.1354942159291497
tuyền,1,1,0.0
tạp,7,1,1.9459101490553132
xay,8,1,2.0794415416798357
cối,4,1,1.3862943611198906
đá,11,1,2.3978952727983707
máy,111,1,4.709530201312334
dở,5,1,1.6094379124341003
tráng,12,1,2.4849066497880004
ép,10,1,2.302585092994046
nhiên,77,1,4.343805421853684
bởi,54,1,3.9889840465642745
mỡ,8,1,2.0794415416798357
bị,142,1,4.955827057601261
khô,45,1,3.8066624897703196
mùi,60,1,4.0943445622221
ô,9,1,2.1972245773362196
liu,4,1,1.3862943611198906
bay,9,1,2.1972245773362196
hết,107,1,4.672828834461906
bóng,31,1,3.4339872044851463
nhĩ,4,1,1.3862943611198906
phơi,7,1,1.9459101490553132
tái,7,1,1.9459101490553132
sao,92,1,4.5217885770490405
hấp,38,1,3.6375861597263857
ngoa,1,1,0.0
cẩn,17,1,2.833213344056216
thận,20,1,2.995732273553991
mặc,57,1,4.04305126783455
nhão,3,1,1.0986122886681098
chuyên,21,1,3.044522437723423
môn,8,1,2.0794415416798357
ma,4,1,1.3862943611198906
vầy,1,1,0.0
chuối,12,1,2.4849066497880004
xếp,25,1,3.2188758248682006
kén,2,1,0.6931471805599453
goòng,1,1,0.0
đắng,5,1,1.6094379124341003
mang,53,1,3.970291913552122
chát,3,1,1.0986122886681098
rong,5,1,1.6094379124341003
đao,2,1,0.6931471805599453
diềng,1,1,0.0
lau,15,1,2.70805020110221
ủ,1,1,0.0
vỉ,11,1,2.3978952727983707
cói,3,1,1.0986122886681098
đậy,13,1,2.5649493574615367
trên,167,1,5.117993812416755
hỏng,9,1,2.1972245773362196
long,2,1,0.6931471805599453
óng,3,1,1.0986122886681098
mười,3,1,1.0986122886681098
bốn,10,1,2.302585092994046
ngàn,2,1,0.6931471805599453
lít,15,1,2.70805020110221
nguyên,85,1,4.442651256490317
liệu,89,1,4.48863636973214
gồm,28,1,3.332204510175204
dấm,3,1,1.0986122886681098
vị,133,1,4.890349128221754
cổ,15,1,2.70805020110221
tỷ,3,1,1.0986122886681098
lệ,10,1,2.302585092994046
vắt,3,1,1.0986122886681098
chanh,10,1,2.302585092994046
mùa,11,1,2.3978952727983707
lúa,3,1,1.0986122886681098
vài,64,1,4.1588830833596715
giọt,2,1,0.6931471805599453
cà,57,1,4.04305126783455
cuống,4,1,1.3862943611198906
trẻ,124,1,4.820281565605037
cha,56,1,4.02535169073515
thường,186,1,5.225746673713202
nuôi,10,1,2.302585092994046
dạy,9,1,2.1972245773362196
độc,23,1,3.1354942159291497
bà,57,1,4.04305126783455
mẹ,161,1,5.081404364984463
ảnh,63,1,4.143134726391533
xấu,25,1,3.2188758248682006
lực,31,1,3.4339872044851463
vi,27,1,3.295836866004329
nghiên,3,1,1.0986122886681098
cứu,6,1,1.791759469228055
đại,57,1,4.04305126783455
cornell,2,1,0.6931471805599453
mỹ,37,1,3.6109179126442243
vừa,95,1,4.553876891600541
tiết,32,1,3.4657359027997265
lộ,9,1,2.1972245773362196
vấn,106,1,4.663439094112067
năng,60,1,4.0943445622221
trình,29,1,3.367295829986474
ngoài,111,1,4.709530201312334
hưởng,18,1,2.8903717578961645
mức,36,1,3.58351893845611
thu,26,1,3.258096538021482
nhập,23,1,3.1354942159291497
môi,8,1,2.0794415416798357
trường,95,1,4.553876891600541
đều,105,1,4.653960350157523
nguồn,13,1,2.5649493574615367
tích,24,1,3.1780538303479458
cực,16,1,2.772588722239781
bất,53,1,3.970291913552122
nhà,143,1,4.962844630259907
henry,1,1,0.0
ricciuti,3,1,1.0986122886681098
thực,164,1,5.099866427824199
tra,12,1,2.4849066497880004
đa,25,1,3.2188758248682006
chủng,4,1,1.3862943611198906
tộc,2,1,0.6931471805599453
gần,45,1,3.8066624897703196
tuổi,87,1,4.465908118654584
năm,112,1,4.718498871295094
xác,9,1,2.1972245773362196
phụ,97,1,4.574710978503383
chồng,236,1,5.4638318050256105
khoảng,89,1,4.48863636973214
mối,50,1,3.912023005428146
chặt,11,1,2.3978952727983707
chẽ,2,1,0.6931471805599453
vai,12,1,2.4849066497880004
trò,20,1,2.995732273553991
da,58,1,4.060443010546419
đen,14,1,2.6390573296152584
gốc,9,1,2.1972245773362196
bồ,1,1,0.0
đào,4,1,1.3862943611198906
nha,10,1,2.302585092994046
ban,23,1,3.1354942159291497
chung,55,1,4.007333185232471
hầu,20,1,2.995732273553991
xảy,41,1,3.713572066704308
lưu,13,1,2.5649493574615367
kinh,37,1,3.6109179126442243
nghiệm,27,1,3.295836866004329
kiến,42,1,3.7376696182833684
xã,23,1,3.1354942159291497
hội,43,1,3.7612001156935624
cải,3,1,1.0986122886681098
thiện,6,1,1.791759469228055
huynh,3,1,1.0986122886681098
tuy,52,1,3.9512437185814275
đỡ,18,1,2.8903717578961645
kiện,24,1,3.1780538303479458
sắc,44,1,3.784189633918261
màu,152,1,5.0238805208462765
thất,27,1,3.295836866004329
chủ,45,1,3.8066624897703196
phối,15,1,2.70805020110221
ngoại,36,1,3.58351893845611
chuyển,15,1,2.70805020110221
xanh,57,1,4.04305126783455
dương,7,1,1.9459101490553132
sang,29,1,3.367295829986474
lam,8,1,2.0794415416798357
nhạt,11,1,2.3978952727983707
ấm,24,1,3.1780538303479458
áp,58,1,4.060443010546419
gam,9,1,2.1972245773362196
ưng,4,1,1.3862943611198906
ngôi,8,1,2.0794415416798357
tắc,12,1,2.4849066497880004
đỏ,24,1,3.1780538303479458
cam,30,1,3.4011973816621555
cân,19,1,2.9444389791664403
phấn,14,1,2.6390573296152584
đan,5,1,1.6094379124341003
mây,4,1,1.3862943611198906
cây,67,1,4.204692619390966
xen,4,1,1.3862943611198906
kẽ,1,1,0.0
be,1,1,0.0
tạo,86,1,4.454347296253507
giác,40,1,3.6888794541139363
cháy,16,1,2.772588722239781
rực,9,1,2.1972245773362196
sức,40,1,3.6888794541139363
ruby,1,1,0.0
giới,45,1,3.8066624897703196
rỡ,6,1,1.791759469228055
hồi,19,1,2.9444389791664403
dịu,15,1,2.70805020110221
ngọt,26,1,3.258096538021482
trái,74,1,4.30406509320417
khát,9,1,2.1972245773362196
bỏng,5,1,1.6094379124341003
tông,7,1,1.9459101490553132
gợi,10,1,2.302585092994046
lên,157,1,5.056245805348308
thịnh,6,1,1.791759469228055
vượng,1,1,0.0
tia,6,1,1.791759469228055
trời,35,1,3.5553480614894135
tím,17,1,2.833213344056216
trọng,120,1,4.787491742782046
quyến,6,1,1.791759469228055
rũ,6,1,1.791759469228055
nền,18,1,2.8903717578961645
tuyệt,22,1,3.091042453358316
hảo,7,1,1.9459101490553132
mát,13,1,2.5649493574615367
êm,6,1,1.791759469228055
dáng,36,1,3.58351893845611
dấp,1,1,0.0
kim,18,1,2.8903717578961645
nhôm,10,1,2.302585092994046
thép,2,1,0.6931471805599453
thiên,22,1,3.091042453358316
sen,20,1,2.995732273553991
xương,10,1,2.302585092994046
rồng,5,1,1.6094379124341003
rừng,14,1,2.6390573296152584
ngọc,3,1,1.0986122886681098
thạch,4,1,1.3862943611198906
biểu,15,1,2.70805020110221
tăng,21,1,3.044522437723423
trưởng,6,1,1.791759469228055
khả,29,1,3.367295829986474
sa,9,1,2.1972245773362196
vời,14,1,2.6390573296152584
âm,17,1,2.833213344056216
điển,3,1,1.0986122886681098
thiết,77,1,4.343805421853684
kế,28,1,3.332204510175204
trí,66,1,4.189654742026425
khí,22,1,3.091042453358316
hậu,10,1,2.302585092994046
đới,1,1,0.0
tao,2,1,0.6931471805599453
tú,2,1,0.6931471805599453
tận,9,1,2.1972245773362196
kết,85,1,4.442651256490317
xám,1,1,0.0
trưng,7,1,1.9459101490553132
giàu,13,1,2.5649493574615367
thuộc,26,1,3.258096538021482
cá,78,1,4.356708826689592
gu,1,1,0.0
thẩm,5,1,1.6094379124341003
phong,30,1,3.4011973816621555
mục,15,1,2.70805020110221
đích,16,1,2.772588722239781
rõ,36,1,3.58351893845611
tươi,38,1,3.6375861597263857
tắn,2,1,0.6931471805599453
yên,21,1,3.044522437723423
lấn,1,1,0.0
át,1,1,0.0
nổi,40,1,3.6888794541139363
bật,10,1,2.302585092994046
đạo,9,1,2.1972245773362196
cúng,3,1,1.0986122886681098
căn,16,1,2.772588722239781
phòng,48,1,3.871201010907891
rộng,25,1,3.2188758248682006
rãi,5,1,1.6094379124341003
ngược,20,1,2.995732273553991
thoáng,12,1,2.4849066497880004
tránh,29,1,3.367295829986474
cường,15,1,2.70805020110221
nhấn,6,1,1.791759469228055
nét,10,1,2.302585092994046
tường,22,1,3.091042453358316
chi,45,1,3.8066624897703196
đồ,85,1,4.442651256490317
hoặc,131,1,4.875197323201151
hoạ,1,1,0.0
trúc,9,1,2.1972245773362196
viền,2,1,0.6931471805599453
chiếm,7,1,1.9459101490553132
ẩm,7,1,1.9459101490553132
đêm,19,1,2.9444389791664403
chợ,22,1,3.091042453358316
đặt,63,1,4.143134726391533
tại,83,1,4.418840607796598
viên,44,1,3.784189633918261
đổng,2,1,0.6931471805599453
phố,26,1,3.258096538021482
trăm,7,1,1.9459101490553132
cao,99,1,4.59511985013459
cấp,29,1,3.367295829986474
chất,89,1,4.48863636973214
lượng,53,1,3.970291913552122
rẻ,16,1,2.772588722239781
quê,26,1,3.258096538021482
chân,58,1,4.060443010546419
khách,48,1,3.871201010907891
ồn,8,1,2.0794415416798357
ã,1,1,0.0
uống,28,1,3.332204510175204
phục,39,1,3.6635616461296463
vụ,21,1,3.044522437723423
tiệm,3,1,1.0986122886681098
bày,10,1,2.302585092994046
khá,43,1,3.7612001156935624
bộ,79,1,4.3694478524670215
bàn,54,1,3.9889840465642745
ghế,17,1,2.833213344056216
ngắm,5,1,1.6094379124341003
ngồi,20,1,2.995732273553991
chỗ,41,1,3.713572066704308
tức,15,1,2.70805020110221
khắc,12,1,2.4849066497880004
giọng,5,1,1.6094379124341003
dàng,21,1,3.044522437723423
mời,5,1,1.6094379124341003
phẩm,99,1,4.59511985013459
chén,23,1,3.1354942159291497
thôn,4,1,1.3862943611198906
ngọn,8,1,2.0794415416798357
đèn,39,1,3.6635616461296463
cau,2,1,0.6931471805599453
dạng,27,1,3.295836866004329
kèm,10,1,2.302585092994046
nhậu,4,1,1.3862943611198906
lai,38,1,3.6375861597263857
rai,2,1,0.6931471805599453
bếp,44,1,3.784189633918261
biến,38,1,3.6375861597263857
chơi,92,1,4.5217885770490405
thưởng,12,1,2.4849066497880004
ngờ,20,1,2.995732273553991
bún,10,1,2.302585092994046
bia,2,1,0.6931471805599453
sài,8,1,2.0794415416798357
gòn,8,1,2.0794415416798357
chai,17,1,2.833213344056216
cánh,17,1,2.833213344056216
gà,19,1,2.9444389791664403
chiên,22,1,3.091042453358316
chim,2,1,0.6931471805599453
cút,1,1,0.0
tôm,29,1,3.367295829986474
tổ,10,1,2.302585092994046
yến,3,1,1.0986122886681098
sạn,5,1,1.6094379124341003
bò,18,1,2.8903717578961645
xèo,1,1,0.0
phở,10,1,2.302585092994046
tp,12,1,2.4849066497880004
hcm,12,1,2.4849066497880004
bía,1,1,0.0
gỏi,2,1,0.6931471805599453
viễn,4,1,1.3862943611198906
mì,14,1,2.6390573296152584
quảng,11,1,2.3978952727983707
lèo,2,1,0.6931471805599453
thơ,11,1,2.3978952727983707
chả,6,1,1.791759469228055
hà,70,1,4.248495242049359
cửa,30,1,3.4011973816621555
nậm,1,1,0.0
ướt,6,1,1.791759469228055
lọc,33,1,3.4965075614664802
vịt,19,1,2.9444389791664403
lộn,6,1,1.791759469228055
cháo,14,1,2.6390573296152584
nem,1,1,0.0
nướng,24,1,3.1780538303479458
ninh,6,1,1.791759469228055
hòa,27,1,3.295836866004329
gánh,10,1,2.302585092994046
chè,5,1,1.6094379124341003
dạo,7,1,1.9459101490553132
kem,4,1,1.3862943611198906
tẩy,15,1,2.70805020110221
lông,28,1,3.332204510175204
ngắn,11,1,2.3978952727983707
áo,26,1,3.258096538021482
dây,33,1,3.4965075614664802
quần,20,1,2.995732273553991
túm,2,1,0.6931471805599453
gấu,1,1,0.0
chiếc,36,1,3.58351893845611
váy,3,1,1.0986122886681098
lụa,7,1,1.9459101490553132
song,27,1,3.295836866004329
băn,6,1,1.791759469228055
khoăn,6,1,1.791759469228055
robinson,1,1,0.0
sử,88,1,4.477336814478207
wax,6,1,1.791759469228055
cellence,2,1,0.6931471805599453
waxing,1,1,0.0
nghĩa,45,1,3.8066624897703196
dung,22,1,3.091042453358316
dịch,16,1,2.772588722239781
sáp,5,1,1.6094379124341003
trải,27,1,3.295836866004329
cơ,58,1,4.060443010546419
ngóc,1,1,0.0
ngách,2,1,0.6931471805599453
mày,4,1,1.3862943611198906
bikini,1,1,0.0
nách,1,1,0.0
trán,1,1,0.0
lưng,13,1,2.5649493574615367
mm,2,1,0.6931471805599453
trở,60,1,4.0943445622221
cứng,26,1,3.258096538021482
đớn,19,1,2.9444389791664403
lần,91,1,4.51085950651685
mờ,4,1,1.3862943611198906
thưa,5,1,1.6094379124341003
bào,5,1,1.6094379124341003
chết,23,1,3.1354942159291497
bề,13,1,2.5649493574615367
xong,24,1,3.1780538303479458
làn,2,1,0.6931471805599453
màng,5,1,1.6094379124341003
lửa,19,1,2.9444389791664403
thoa,2,1,0.6931471805599453
vệ,28,1,3.332204510175204
lycontane,1,1,0.0
cleanser,1,1,0.0
vùng,9,1,2.1972245773362196
chải,4,1,1.3862943611198906
miếng,19,1,2.9444389791664403
mọc,4,1,1.3862943611198906
giây,8,1,2.0794415416798357
lột,7,1,1.9459101490553132
tea,1,1,0.0
tree,1,1,0.0
perfect,1,1,0.0
chiết,7,1,1.9459101490553132
xuất,48,1,3.871201010907891
trà,3,1,1.0986122886681098
dưỡng,11,1,2.3978952727983707
viện,6,1,1.791759469228055
arosa,1,1,0.0
mã,5,1,1.6094379124341003
hộp,18,1,2.8903717578961645
tim,47,1,3.8501476017100584
xung,33,1,3.4965075614664802
quanh,38,1,3.6375861597263857
thổ,6,1,1.791759469228055
chắc,68,1,4.219507705176107
chắn,33,1,3.4965075614664802
chào,23,1,3.1354942159291497
đọc,50,1,3.912023005428146
dòng,38,1,3.6375861597263857
bối,3,1,1.0986122886681098
rối,10,1,2.302585092994046
giải,58,1,4.060443010546419
lẽ,32,1,3.4657359027997265
gửi,30,1,3.4011973816621555
khuyên,56,1,4.02535169073515
xót,3,1,1.0986122886681098
xa,66,1,4.189654742026425
phận,19,1,2.9444389791664403
may,21,1,3.044522437723423
mắn,14,1,2.6390573296152584
dũng,14,1,2.6390573296152584
chàng,61,1,4.110873864173311
du,19,1,2.9444389791664403
sâu,21,1,3.044522437723423
quên,34,1,3.5263605246161616
cũ,29,1,3.367295829986474
đón,8,1,2.0794415416798357
tục,37,1,3.6109179126442243
cảnh,95,1,4.553876891600541
salad,8,1,2.0794415416798357
cocktail,7,1,1.9459101490553132
khai,7,1,1.9459101490553132
hương,68,1,4.219507705176107
miệng,28,1,3.332204510175204
tiệc,7,1,1.9459101490553132
dẫn,54,1,3.9889840465642745
sú,5,1,1.6094379124341003
dứa,5,1,1.6094379124341003
rượu,68,1,4.219507705176107
brandy,1,1,0.0
sốt,7,1,1.9459101490553132
mayonaise,1,1,0.0
hũ,5,1,1.6094379124341003
siêu,13,1,2.5649493574615367
thị,45,1,3.8066624897703196
lấy,119,1,4.77912349311153
vây,4,1,1.3862943611198906
luộc,11,1,2.3978952727983707
vỏ,42,1,3.7376696182833684
chừa,5,1,1.6094379124341003
đuôi,5,1,1.6094379124341003
vuông,12,1,2.4849066497880004
cm,23,1,3.1354942159291497
trộn,12,1,2.4849066497880004
chiếu,16,1,2.772588722239781
sáng,50,1,3.912023005428146
toilet,1,1,0.0
trần,10,1,2.302585092994046
hẹp,9,1,2.1972245773362196
vách,6,1,1.791759469228055
ngăn,37,1,3.6109179126442243
đủ,61,1,4.110873864173311
khu,11,1,2.3978952727983707
vực,13,1,2.5649493574615367
tắm,6,1,1.791759469228055
bồn,2,1,0.6931471805599453
chú,39,1,3.6635616461296463
lavabo,4,1,1.3862943611198906
halogen,2,1,0.6931471805599453
góc,18,1,2.8903717578961645
gương,15,1,2.70805020110221
tối,22,1,3.091042453358316
xạ,3,1,1.0986122886681098
đứng,24,1,3.1780538303479458
tóc,14,1,2.6390573296152584
dưới,30,1,3.4011973816621555
cằm,1,1,0.0
tầm,14,1,2.6390573296152584
ngang,10,1,2.302585092994046
m,11,1,2.3978952727983707
khiển,7,1,1.9459101490553132
chỉnh,19,1,2.9444389791664403
huỳnh,2,1,0.6931471805599453
quang,6,1,1.791759469228055
tắt,8,1,2.0794415416798357
mau,10,1,2.302585092994046
tùy,25,1,3.2188758248682006
sư,11,1,2.3978952727983707
bố,43,1,3.7612001156935624
hắt,1,1,0.0
kiểu,55,1,4.007333185232471
dằn,10,1,2.302585092994046
vặt,15,1,2.70805020110221
hối,14,1,2.6390573296152584
hận,14,1,2.6390573296152584
chat,16,1,2.772588722239781
khỏa,3,1,1.0986122886681098
lấp,5,1,1.6094379124341003
trống,6,1,1.791759469228055
vắng,4,1,1.3862943611198906
tiến,31,1,3.4339872044851463
thú,21,1,3.044522437723423
lợi,28,1,3.332204510175204
lỗi,29,1,3.367295829986474
xuyên,22,1,3.091042453358316
online,1,1,0.0
nỗi,36,1,3.58351893845611
thầm,4,1,1.3862943611198906
đuổi,18,1,2.8903717578961645
chép,6,1,1.791759469228055
oi,3,1,1.0986122886681098
truoc,2,1,0.6931471805599453
voi,8,1,2.0794415416798357
co,6,1,1.791759469228055
rat,3,1,1.0986122886681098
nhieu,1,1,0.0
nguoi,2,1,0.6931471805599453
yeu,2,1,0.6931471805599453
noi,2,1,0.6931471805599453
that,1,1,0.0
la,8,1,2.0794415416798357
giau,1,1,0.0
va,5,1,1.6094379124341003
tham,18,1,2.8903717578961645
dep,1,1,0.0
nhung,6,1,1.791759469228055
dieu,1,1,0.0
doi,1,1,0.0
ko,7,1,1.9459101490553132
nghia,1,1,0.0
ly,24,1,3.1780538303479458
gi,3,1,1.0986122886681098
het,2,1,0.6931471805599453
a,11,1,2.3978952727983707
cung,13,1,2.5649493574615367
xe,33,1,3.4965075614664802
dien,1,1,0.0
thoai,2,1,0.6931471805599453
ho,4,1,1.3862943611198906
chang,1,1,0.0
cai,3,1,1.0986122886681098
quai,4,1,1.3862943611198906
nhu,12,1,2.4849066497880004
ngan,2,1,0.6931471805599453
hang,6,1,1.791759469228055
tieu,1,1,0.0
sai,19,1,2.9444389791664403
thoi,3,1,1.0986122886681098
nhat,1,1,0.0
duoc,2,1,0.6931471805599453
biet,1,1,0.0
ha,1,1,0.0
luc,1,1,0.0
nghi,17,1,2.833213344056216
ca,7,1,1.9459101490553132
viec,1,1,0.0
chuyen,1,1,0.0
vay,4,1,1.3862943611198906
hom,1,1,0.0
dau,1,1,0.0
muon,1,1,0.0
xu,8,1,2.0794415416798357
tôn,33,1,3.4965075614664802
ngỏ,2,1,0.6931471805599453
tiếc,16,1,2.772588722239781
muộn,4,1,1.3862943611198906
hứa,7,1,1.9459101490553132
mạng,31,1,3.4339872044851463
phạm,10,1,2.302585092994046
se,7,1,1.9459101490553132
cu,1,1,0.0
cuoc,1,1,0.0
cua,8,1,2.0794415416798357
thoát,14,1,2.6390573296152584
khỏi,24,1,3.1780538303479458
thắng,4,1,1.3862943611198906
điện,99,1,4.59511985013459
thoại,42,1,3.7376696182833684
thăm,13,1,2.5649493574615367
ít,69,1,4.23410650459726
hôn,72,1,4.276666119016055
singapore,2,1,0.6931471805599453
sảo,1,1,0.0
hút,57,1,4.04305126783455
cặp,10,1,2.302585092994046
kính,13,1,2.5649493574615367
khuôn,9,1,2.1972245773362196
thỉnh,9,1,2.1972245773362196
thoảng,12,1,2.4849066497880004
dám,19,1,2.9444389791664403
quen,50,1,3.912023005428146
tháng,49,1,3.8918202981106265
khóa,8,1,2.0794415416798357
thậm,31,1,3.4339872044851463
chí,41,1,3.713572066704308
hôm,19,1,2.9444389791664403
nhờ,21,1,3.044522437723423
nhắn,9,1,2.1972245773362196
trả,24,1,3.1780538303479458
mệnh,2,1,0.6931471805599453
vn,7,1,1.9459101490553132
chăn,14,1,2.6390573296152584
gối,6,1,1.791759469228055
tập,34,1,3.5263605246161616
tư,57,1,4.04305126783455
ngủ,19,1,2.9444389791664403
hiền,6,1,1.791759469228055
dường,12,1,2.4849066497880004
phát,36,1,3.58351893845611
thắc,2,1,0.6931471805599453
mắc,6,1,1.791759469228055
tiền,51,1,3.9318256327243257
nhẫn,20,1,2.995732273553991
đứa,37,1,3.6109179126442243
mừng,1,1,0.0
trân,4,1,1.3862943611198906
nó,75,1,4.31748811353631
chuẩn,13,1,2.5649493574615367
tháo,7,1,1.9459101490553132
giùm,1,1,0.0
duy,16,1,2.772588722239781
thi,19,1,2.9444389791664403
đùa,6,1,1.791759469228055
mong,86,1,4.454347296253507
minh,62,1,4.127134385045092
vợ,264,1,5.575949103146316
rể,34,1,3.5263605246161616
cậu,28,1,3.332204510175204
chăm,30,1,3.4011973816621555
giỏi,22,1,3.091042453358316
giang,6,1,1.791759469228055
qua,168,1,5.123963979403259
nhiêu,22,1,3.091042453358316
khăn,73,1,4.290459441148391
kẻ,5,1,1.6094379124341003
bắc,10,1,2.302585092994046
h,62,1,4.127134385045092
nằm,13,1,2.5649493574615367
canh,35,1,3.5553480614894135
sổ,4,1,1.3862943611198906
chìa,4,1,1.3862943611198906
kêu,2,1,0.6931471805599453
mệt,13,1,2.5649493574615367
tỉnh,15,1,2.70805020110221
hăng,3,1,1.0986122886681098
say,8,1,2.0794415416798357
bực,3,1,1.0986122886681098
gió,24,1,3.1780538303479458
báo,13,1,2.5649493574615367
xử,47,1,3.8501476017100584
tội,11,1,2.3978952727983707
cháu,36,1,3.58351893845611
cám,2,1,0.6931471805599453
ơn,7,1,1.9459101490553132
t,52,1,3.9512437185814275
chữ,24,1,3.1780538303479458
thọ,15,1,2.70805020110221
bậc,6,1,1.791759469228055
vương,4,1,1.3862943611198906
giả,26,1,3.258096538021482
tụng,1,1,0.0
vua,8,1,2.0794415416798357
chúa,4,1,1.3862943611198906
muôn,3,1,1.0986122886681098
điệu,10,1,2.302585092994046
tròn,27,1,3.295836866004329
cong,5,1,1.6094379124341003
khỏe,4,1,1.3862943611198906
phóng,14,1,2.6390573296152584
bức,20,1,2.995732273553991
uốn,13,1,2.5649493574615367
lượn,2,1,0.6931471805599453
mô,2,1,0.6931471805599453
tuýp,1,1,0.0
vân,5,1,1.6094379124341003
điêu,1,1,0.0
trổ,2,1,0.6931471805599453
gỗ,31,1,3.4339872044851463
rèm,2,1,0.6931471805599453
xắn,5,1,1.6094379124341003
tủ,25,1,3.2188758248682006
đĩa,23,1,3.1354942159291497
phim,11,1,2.3978952727983707
nhạc,11,1,2.3978952727983707
thêu,3,1,1.0986122886681098
khuyến,3,1,1.0986122886681098
khích,6,1,1.791759469228055
than,19,1,2.9444389791664403
ơi,33,1,3.4965075614664802
đòn,2,1,0.6931471805599453
roi,3,1,1.0986122886681098
bé,29,1,3.367295829986474
củng,1,1,0.0
cố,84,1,4.430816798843313
bè,51,1,3.9318256327243257
nhắc,25,1,3.2188758248682006
ưu,18,1,2.8903717578961645
nhóm,12,1,2.4849066497880004
viết,20,1,2.995732273553991
ruột,15,1,2.70805020110221
chống,8,1,2.0794415416798357
bi,17,1,2.833213344056216
khóc,20,1,2.995732273553991
kém,25,1,3.2188758248682006
bài,24,1,3.1780538303479458
kiểm,12,1,2.4849066497880004
vượt,46,1,3.828641396489095
gắng,61,1,4.110873864173311
nhé,8,1,2.0794415416798357
trao,17,1,2.833213344056216
giáo,20,1,2.995732273553991
khôi,1,1,0.0
hài,12,1,2.4849066497880004
nhở,3,1,1.0986122886681098
thử,32,1,3.4657359027997265
não,2,1,0.6931471805599453
lầm,17,1,2.833213344056216
chổi,1,1,0.0
tranh,42,1,3.7376696182833684
cãi,11,1,2.3978952727983707
xây,15,1,2.70805020110221
dựng,14,1,2.6390573296152584
ngừng,3,1,1.0986122886681098
nghỉ,11,1,2.3978952727983707
tiện,25,1,3.2188758248682006
ổn,36,1,3.58351893845611
thuyết,13,1,2.5649493574615367
đời,84,1,4.430816798843313
nghị,15,1,2.70805020110221
vươn,2,1,0.6931471805599453
quãng,3,1,1.0986122886681098
cướp,2,1,0.6931471805599453
ân,9,1,2.1972245773362196
dỗ,4,1,1.3862943611198906
suốt,34,1,3.5263605246161616
đoạn,14,1,2.6390573296152584
chứng,42,1,3.7376696182833684
nghiệt,1,1,0.0
ngã,8,1,2.0794415416798357
nhỉ,6,1,1.791759469228055
quán,24,1,3.1780538303479458
ong,8,1,2.0794415416798357
ngũ,2,1,0.6931471805599453
hồ,16,1,2.772588722239781
bạch,4,1,1.3862943611198906
lu,2,1,0.6931471805599453
biển,11,1,2.3978952727983707
chum,3,1,1.0986122886681098
tầng,12,1,2.4849066497880004
nối,12,1,2.4849066497880004
thang,25,1,3.2188758248682006
gọn,10,1,2.302585092994046
trệt,2,1,0.6931471805599453
men,7,1,1.9459101490553132
lang,5,1,1.6094379124341003
ghép,3,1,1.0986122886681098
đưa,45,1,3.8066624897703196
lặng,11,1,2.3978952727983707
ào,3,1,1.0986122886681098
nhâm,1,1,0.0
nhi,42,1,3.7376696182833684
thả,4,1,1.3862943611198906
tiếng,37,1,3.6109179126442243
chuông,3,1,1.0986122886681098
chùa,3,1,1.0986122886681098
trấn,1,1,0.0
quốc,29,1,3.367295829986474
cốt,12,1,2.4849066497880004
thượng,3,1,1.0986122886681098
hạng,1,1,0.0
sơn,23,1,3.1354942159291497
dược,4,1,1.3862943611198906
hạ,4,1,1.3862943611198906
thụ,8,1,2.0794415416798357
tinh,55,1,4.007333185232471
túy,1,1,0.0
đất,15,1,2.70805020110221
đem,46,1,3.828641396489095
sành,3,1,1.0986122886681098
sóc,20,1,2.995732273553991
tên,28,1,3.332204510175204
tửu,2,1,0.6931471805599453
lạ,30,1,3.4011973816621555
đậu,25,1,3.2188758248682006
rang,5,1,1.6094379124341003
muối,19,1,2.9444389791664403
trứng,14,1,2.6390573296152584
cay,16,1,2.772588722239781
nộm,1,1,0.0
xách,19,1,2.9444389791664403
thập,3,1,1.0986122886681098
cẩm,2,1,0.6931471805599453
lẩu,11,1,2.3978952727983707
gầu,1,1,0.0
giã,12,1,2.4849066497880004
mộng,5,1,1.6094379124341003
ràng,12,1,2.4849066497880004
vạn,1,1,0.0
dục,8,1,2.0794415416798357
vẻ,38,1,3.6375861597263857
trớ,2,1,0.6931471805599453
trêu,2,1,0.6931471805599453
gạch,13,1,2.5649493574615367
lõi,4,1,1.3862943611198906
nghiêm,11,1,2.3978952727983707
túc,5,1,1.6094379124341003
đong,2,1,0.6931471805599453
thuận,16,1,2.772588722239781
vết,20,1,2.995732273553991
lành,20,1,2.995732273553991
khẳng,12,1,2.4849066497880004
huống,10,1,2.302585092994046
sắt,28,1,3.332204510175204
khảm,5,1,1.6094379124341003
chuộng,10,1,2.302585092994046
đắt,8,1,2.0794415416798357
hiếm,7,1,1.9459101490553132
ốc,17,1,2.833213344056216
bảy,2,1,0.6931471805599453
cửu,2,1,0.6931471805599453
khổng,1,1,0.0
tai,17,1,2.833213344056216
tấm,25,1,3.2188758248682006
lắp,7,1,1.9459101490553132
kích,23,1,3.1354942159291497
cỡ,16,1,2.772588722239781
gụ,1,1,0.0
mài,4,1,1.3862943611198906
phú,7,1,1.9459101490553132
quét,3,1,1.0986122886681098
chùi,5,1,1.6094379124341003
nhẵn,1,1,0.0
lồng,4,1,1.3862943611198906
khung,11,1,2.3978952727983707
chìm,2,1,0.6931471805599453
triệu,28,1,3.332204510175204
ngoạn,1,1,0.0
ngạc,3,1,1.0986122886681098
uyển,1,1,0.0
mại,4,1,1.3862943611198906
tứ,6,1,1.791759469228055
gắn,20,1,2.995732273553991
mi,3,1,1.0986122886681098
ưa,11,1,2.3978952727983707
mẫu,36,1,3.58351893845611
van,10,1,2.302585092994046
phun,7,1,1.9459101490553132
treo,12,1,2.4849066497880004
đòi,21,1,3.044522437723423
nặng,23,1,3.1354942159291497
giai,6,1,1.791759469228055
nồng,12,1,2.4849066497880004
quà,11,1,2.3978952727983707
nàn,4,1,1.3862943611198906
lùi,2,1,0.6931471805599453
dĩ,2,1,0.6931471805599453
vãng,1,1,0.0
cạn,3,1,1.0986122886681098
rảnh,4,1,1.3862943611198906
rỗi,5,1,1.6094379124341003
alixia,2,1,0.6931471805599453
martin,2,1,0.6931471805599453
hoạch,9,1,2.1972245773362196
phút,36,1,3.58351893845611
chuyến,1,1,0.0
gỡ,8,1,2.0794415416798357
bớt,9,1,2.1972245773362196
tán,16,1,2.772588722239781
gẫu,1,1,0.0
sắm,11,1,2.3978952727983707
lượt,1,1,0.0
nửa,18,1,2.8903717578961645
bù,5,1,1.6094379124341003
khú,1,1,0.0
đám,8,1,2.0794415416798357
bó,14,1,2.6390573296152584
lập,28,1,3.332204510175204
ngẫu,2,1,0.6931471805599453
soát,6,1,1.791759469228055
căng,9,1,2.1972245773362196
triền,1,1,0.0
miên,1,1,0.0
khiến,31,1,3.4339872044851463
nhàm,3,1,1.0986122886681098
chinh,3,1,1.0986122886681098
thúc,14,1,2.6390573296152584
đấu,13,1,2.5649493574615367
khẩu,14,1,2.6390573296152584
kịch,4,1,1.3862943611198906
ngấy,3,1,1.0986122886681098
đợt,1,1,0.0
xả,1,1,0.0
lừa,11,1,2.3978952727983707
dối,11,1,2.3978952727983707
xiêm,3,1,1.0986122886681098
dính,4,1,1.3862943611198906
chóng,5,1,1.6094379124341003
chày,3,1,1.0986122886681098
kamilia,1,1,0.0
charek,1,1,0.0
email,4,1,1.3862943611198906
hưng,7,1,1.9459101490553132
giường,6,1,1.791759469228055
chức,18,1,2.8903717578961645
thuở,3,1,1.0986122886681098
đam,4,1,1.3862943611198906
mê,7,1,1.9459101490553132
lụi,1,1,0.0
tàn,4,1,1.3862943611198906
kiếm,16,1,2.772588722239781
đốt,5,1,1.6094379124341003
đắm,4,1,1.3862943611198906
nhường,5,1,1.6094379124341003
trị,10,1,2.302585092994046
tóm,1,1,0.0
kìa,1,1,0.0
thon,2,1,0.6931471805599453
jacek,2,1,0.6931471805599453
thốt,1,1,0.0
eva,4,1,1.3862943611198906
mấy,22,1,3.091042453358316
xao,6,1,1.791759469228055
xuyến,2,1,0.6931471805599453
vụng,1,1,0.0
trộm,2,1,0.6931471805599453
ngại,24,1,3.1780538303479458
chứa,5,1,1.6094379124341003
điệp,10,1,2.302585092994046
ghen,6,1,1.791759469228055
phật,1,1,0.0
thừa,8,1,2.0794415416798357
đoá,1,1,0.0
cỏn,1,1,0.0
tivi,11,1,2.3978952727983707
vứt,4,1,1.3862943611198906
hét,1,1,0.0
run,1,1,0.0
chu,4,1,1.3862943611198906
lặp,3,1,1.0986122886681098
thù,2,1,0.6931471805599453
đấy,24,1,3.1780538303479458
ghê,1,1,0.0
gớm,1,1,0.0
cáu,3,1,1.0986122886681098
nảy,8,1,2.0794415416798357
lối,8,1,2.0794415416798357
thà,19,1,2.9444389791664403
mực,4,1,1.3862943611198906
cơn,7,1,1.9459101490553132
bão,3,1,1.0986122886681098
gây,27,1,3.295836866004329
xáo,1,1,0.0
bầu,8,1,2.0794415416798357
pháp,25,1,3.2188758248682006
tổn,11,1,2.3978952727983707
phép,20,1,2.995732273553991
sung,11,1,2.3978952727983707
sướng,8,1,2.0794415416798357
bông,19,1,2.9444389791664403
beta,1,1,0.0
hồng,42,1,3.7376696182833684
kỷ,15,1,2.70805020110221
nắm,8,1,2.0794415416798357
ngập,11,1,2.3978952727983707
cưới,33,1,3.4965075614664802
lãng,11,1,2.3978952727983707
mạn,8,1,2.0794415416798357
sửa,11,1,2.3978952727983707
karolina,1,1,0.0
đổ,15,1,2.70805020110221
rác,7,1,1.9459101490553132
mật,12,1,2.4849066497880004
sách,13,1,2.5649493574615367
điên,5,1,1.6094379124341003
rồ,1,1,0.0
thổn,1,1,0.0
mèo,5,1,1.6094379124341003
khoác,2,1,0.6931471805599453
lẵng,1,1,0.0
mốt,4,1,1.3862943611198906
lưỡng,2,1,0.6931471805599453
tề,1,1,0.0
thao,15,1,2.70805020110221
ngây,4,1,1.3862943611198906
vốn,8,1,2.0794415416798357
gũi,5,1,1.6094379124341003
gồng,1,1,0.0
diễn,7,1,1.9459101490553132
lựa,49,1,3.8918202981106265
linh,16,1,2.772588722239781
dứt,24,1,3.1780538303479458
khoát,10,1,2.302585092994046
vất,4,1,1.3862943611198906
vả,11,1,2.3978952727983707
thốn,2,1,0.6931471805599453
nể,13,1,2.5649493574615367
loa,1,1,0.0
vớ,5,1,1.6094379124341003
vẩn,1,1,0.0
nhược,7,1,1.9459101490553132
vãn,3,1,1.0986122886681098
phan,26,1,3.258096538021482
kiên,20,1,2.995732273553991
tha,23,1,3.1354942159291497
tan,18,1,2.8903717578961645
vâng,1,1,0.0
dọa,1,1,0.0
ghét,6,1,1.791759469228055
can,23,1,3.1354942159291497
giận,25,1,3.2188758248682006
nhói,1,1,0.0
nhức,1,1,0.0
nhối,1,1,0.0
trách,21,1,3.044522437723423
bội,10,1,2.302585092994046
hiếu,13,1,2.5649493574615367
thư,31,1,3.4339872044851463
rào,8,1,2.0794415416798357
cản,16,1,2.772588722239781
vòi,18,1,2.8903717578961645
chục,6,1,1.791759469228055
nghìn,10,1,2.302585092994046
hãng,5,1,1.6094379124341003
trôi,8,1,2.0794415416798357
nhái,5,1,1.6094379124341003
xi,4,1,1.3862943611198906
mạ,2,1,0.6931471805599453
láng,2,1,0.6931471805599453
rỗ,1,1,0.0
ceramic,1,1,0.0
bám,8,1,2.0794415416798357
cặn,2,1,0.6931471805599453
bẩn,11,1,2.3978952727983707
mòn,4,1,1.3862943611198906
nhựa,6,1,1.791759469228055
su,5,1,1.6094379124341003
dày,16,1,2.772588722239781
mảnh,6,1,1.791759469228055
nhãn,20,1,2.995732273553991
moen,2,1,0.6931471805599453
american,2,1,0.6931471805599453
standard,2,1,0.6931471805599453
inax,2,1,0.6931471805599453
toto,1,1,0.0
datkeys,2,1,0.6931471805599453
valta,1,1,0.0
milanos,1,1,0.0
doanh,3,1,1.0986122886681098
hàn,10,1,2.302585092994046
coma,1,1,0.0
joden,1,1,0.0
chảy,6,1,1.791759469228055
địa,27,1,3.295836866004329
khảo,7,1,1.9459101490553132
tám,2,1,0.6931471805599453
quận,10,1,2.302585092994046
charmant,1,1,0.0
monticello,1,1,0.0
tân,7,1,1.9459101490553132
plaza,1,1,0.0
b,8,1,2.0794415416798357
kiệt,3,1,1.0986122886681098
c,15,1,2.70805020110221
lưỡi,11,1,2.3978952727983707
mặn,9,1,2.1972245773362196
soạn,5,1,1.6094379124341003
heo,4,1,1.3862943611198906
ngỗng,1,1,0.0
sò,10,1,2.302585092994046
jambon,3,1,1.0986122886681098
bê,3,1,1.0986122886681098
rán,3,1,1.0986122886681098
buffet,1,1,0.0
vermouth,1,1,0.0
cỏ,6,1,1.791759469228055
phômai,1,1,0.0
cake,1,1,0.0
quy,8,1,2.0794415416798357
sủi,1,1,0.0
tăm,1,1,0.0
sỉ,1,1,0.0
ml,15,1,2.70805020110221
ướp,20,1,2.995732273553991
rót,3,1,1.0986122886681098
nắp,18,1,2.8903717578961645
cờ,6,1,1.791759469228055
trùng,12,1,2.4849066497880004
rơi,12,1,2.4849066497880004
khủng,6,1,1.791759469228055
hoảng,6,1,1.791759469228055
lan,19,1,2.9444389791664403
lễ,9,1,2.1972245773362196
mail,12,1,2.4849066497880004
ty,20,1,2.995732273553991
lương,11,1,2.3978952727983707
vé,1,1,0.0
promotion,1,1,0.0
bận,20,1,2.995732273553991
rộn,5,1,1.6094379124341003
hẹn,21,1,3.044522437723423
hò,11,1,2.3978952727983707
bàng,2,1,0.6931471805599453
hoàng,15,1,2.70805020110221
ngào,2,1,0.6931471805599453
bời,6,1,1.791759469228055
nhẹt,1,1,0.0
núi,6,1,1.791759469228055
trông,22,1,3.091042453358316
nọ,6,1,1.791759469228055
duyên,8,1,2.0794415416798357
buột,1,1,0.0
nết,2,1,0.6931471805599453
lố,1,1,0.0
bịch,1,1,0.0
chiêm,1,1,0.0
ngưỡng,2,1,0.6931471805599453
chạy,13,1,2.5649493574615367
phân,18,1,2.8903717578961645
hèn,1,1,0.0
mãn,5,1,1.6094379124341003
nguyện,4,1,1.3862943611198906
gởi,1,1,0.0
sóng,17,1,2.833213344056216
thun,6,1,1.791759469228055
cotton,4,1,1.3862943611198906
len,3,1,1.0986122886681098
giày,5,1,1.6094379124341003
đài,9,1,2.1972245773362196
loan,11,1,2.3978952727983707
katê,1,1,0.0
chênh,24,1,3.1780538303479458
lệch,25,1,3.2188758248682006
dao,5,1,1.6094379124341003
nón,4,1,1.3862943611198906
mũ,2,1,0.6931471805599453
thỏ,2,1,0.6931471805599453
chó,6,1,1.791759469228055
đóng,23,1,3.1354942159291497
mơ,13,1,2.5649493574615367
mùng,1,1,0.0
tã,1,1,0.0
lót,11,1,2.3978952727983707
giấy,42,1,3.7376696182833684
giặt,6,1,1.791759469228055
quyên,1,1,0.0
phao,3,1,1.0986122886681098
xứ,7,1,1.9459101490553132
ngộ,7,1,1.9459101490553132
đính,2,1,0.6931471805599453
ước,12,1,2.4849066497880004
hộ,8,1,2.0794415416798357
dữ,7,1,1.9459101490553132
phẫn,1,1,0.0
nộ,1,1,0.0
dãi,6,1,1.791759469228055
xưng,1,1,0.0
hô,1,1,0.0
ví,15,1,2.70805020110221
dụ,11,1,2.3978952727983707
nề,4,1,1.3862943611198906
nếp,5,1,1.6094379124341003
đỉnh,2,1,0.6931471805599453
khéo,10,1,2.302585092994046
léo,4,1,1.3862943611198906
cỏi,3,1,1.0986122886681098
nè,2,1,0.6931471805599453
si,2,1,0.6931471805599453
nguy,11,1,2.3978952727983707
hiểm,11,1,2.3978952727983707
khía,3,1,1.0986122886681098
rung,7,1,1.9459101490553132
mãnh,11,1,2.3978952727983707
liệt,7,1,1.9459101490553132
thâm,4,1,1.3862943611198906
ngán,3,1,1.0986122886681098
vơi,3,1,1.0986122886681098
khao,2,1,0.6931471805599453
ngầm,1,1,0.0
phiêu,1,1,0.0
cư,13,1,2.5649493574615367
ngợi,7,1,1.9459101490553132
ti,3,1,1.0986122886681098
mỏi,7,1,1.9459101490553132
nuông,4,1,1.3862943611198906
lĩnh,10,1,2.302585092994046
bác,8,1,2.0794415416798357
giục,1,1,0.0
huyên,1,1,0.0
à,18,1,2.8903717578961645
chan,3,1,1.0986122886681098
tuột,2,1,0.6931471805599453
tòa,3,1,1.0986122886681098
phá,4,1,1.3862943611198906
ngần,3,1,1.0986122886681098
trận,4,1,1.3862943611198906
khắp,6,1,1.791759469228055
quyền,10,1,2.302585092994046
phông,3,1,1.0986122886681098
thống,16,1,2.772588722239781
đập,3,1,1.0986122886681098
vỡ,17,1,2.833213344056216
mảng,6,1,1.791759469228055
sắp,9,1,2.1972245773362196
sỏi,7,1,1.9459101490553132
xuyết,3,1,1.0986122886681098
rải,10,1,2.302585092994046
tam,2,1,0.6931471805599453
đạc,3,1,1.0986122886681098
che,9,1,2.1972245773362196
khuất,1,1,0.0
hoà,5,1,1.6094379124341003
trơn,2,1,0.6931471805599453
vẽ,14,1,2.6390573296152584
thủ,7,1,1.9459101490553132
dừa,25,1,3.2188758248682006
nạo,7,1,1.9459101490553132
dậy,8,1,2.0794415416798357
xốt,8,1,2.0794415416798357
bóc,6,1,1.791759469228055
nhọn,6,1,1.791759469228055
khêu,1,1,0.0
ngấm,5,1,1.6094379124341003
chảo,11,1,2.3978952727983707
đảo,5,1,1.6094379124341003
lẫn,14,1,2.6390573296152584
già,18,1,2.8903717578961645
nhúng,4,1,1.3862943611198906
lăn,5,1,1.6094379124341003
hỗn,9,1,2.1972245773362196
vớt,5,1,1.6094379124341003
giòn,5,1,1.6094379124341003
giãi,1,1,0.0
chững,4,1,1.3862943611198906
chạc,4,1,1.3862943611198906
giao,14,1,2.6390573296152584
israel,9,1,2.1972245773362196
melia,1,1,0.0
roman,1,1,0.0
elizarov,1,1,0.0
núc,1,1,0.0
miền,6,1,1.791759469228055
sữa,11,1,2.3978952727983707
lịch,8,1,2.0794415416798357
blintzes,1,1,0.0
shavuot,1,1,0.0
latkes,1,1,0.0
hanukkah,1,1,0.0
nghệ,12,1,2.4849066497880004
shishlik,1,1,0.0
kebab,1,1,0.0
kẹp,5,1,1.6094379124341003
bít,2,1,0.6931471805599453
tết,15,1,2.70805020110221
tehina,1,1,0.0
hummus,1,1,0.0
giêng,2,1,0.6931471805599453
ả,2,1,0.6931471805599453
rập,1,1,0.0
phô,7,1,1.9459101490553132
mỳ,1,1,0.0
phê,27,1,3.295836866004329
thánh,4,1,1.3862943611198906
lều,2,1,0.6931471805599453
lão,5,1,1.6094379124341003
abraham,1,1,0.0
sarah,1,1,0.0
đãi,5,1,1.6094379124341003
dọn,4,1,1.3862943611198906
trưa,1,1,0.0
bưa,1,1,0.0
kiêng,1,1,0.0
hữu,2,1,0.6931471805599453
di,8,1,2.0794415416798357
lợn,4,1,1.3862943611198906
tách,4,1,1.3862943611198906
lò,23,1,3.1354942159291497
thủy,53,1,3.970291913552122
nổ,3,1,1.0986122886681098
nứt,7,1,1.9459101490553132
tạm,7,1,1.9459101490553132
đục,7,1,1.9459101490553132
sứ,6,1,1.791759469228055
gốm,1,1,0.0
gấp,26,1,3.258096538021482
đột,3,1,1.0986122886681098
ngột,2,1,0.6931471805599453
eu,1,1,0.0
italy,2,1,0.6931471805599453
narumi,2,1,0.6931471805599453
gas,2,1,0.6931471805599453
pyrex,4,1,1.3862943611198906
luminarc,1,1,0.0
corning,1,1,0.0
ware,1,1,0.0
vision,1,1,0.0
bến,5,1,1.6094379124341003
tiểu,7,1,1.9459101490553132
séc,1,1,0.0
hâm,2,1,0.6931471805599453
dán,15,1,2.70805020110221
tem,2,1,0.6931471805599453
nút,7,1,1.9459101490553132
trừ,9,1,2.1972245773362196
tản,1,1,0.0
inox,33,1,3.4965075614664802
dồn,2,1,0.6931471805599453
nhã,5,1,1.6094379124341003
xá,2,1,0.6931471805599453
thạnh,2,1,0.6931471805599453
xúp,1,1,0.0
thuốc,9,1,2.1972245773362196
khay,6,1,1.791759469228055
xoài,5,1,1.6094379124341003
xôi,13,1,2.5649493574615367
hào,7,1,1.9459101490553132
hiệp,3,1,1.0986122886681098
chèo,1,1,0.0
lái,3,1,1.0986122886681098
thuyền,3,1,1.0986122886681098
chụp,10,1,2.302585092994046
hổ,10,1,2.302585092994046
thuê,3,1,1.0986122886681098
sưởi,1,1,0.0
thua,5,1,1.6094379124341003
lôi,1,1,0.0
nuối,2,1,0.6931471805599453
toại,1,1,0.0
rắn,18,1,2.8903717578961645
thấynguyên,1,1,0.0
vợđể,1,1,0.0
rút,8,1,2.0794415416798357
biện,5,1,1.6094379124341003
đắn,6,1,1.791759469228055
đo,7,1,1.9459101490553132
thằng,3,1,1.0986122886681098
trọn,7,1,1.9459101490553132
vẹn,6,1,1.791759469228055
nuốt,2,1,0.6931471805599453
đẽ,1,1,0.0
giành,12,1,2.4849066497880004
tát,2,1,0.6931471805599453
tử,18,1,2.8903717578961645
vác,3,1,1.0986122886681098
đức,7,1,1.9459101490553132
thuỷ,6,1,1.791759469228055
uổng,1,1,0.0
nấy,7,1,1.9459101490553132
đặng,1,1,0.0
nga,11,1,2.3978952727983707
mỉ,1,1,0.0
tờ,3,1,1.0986122886681098
lơ,5,1,1.6094379124341003
hạc,3,1,1.0986122886681098
chóp,2,1,0.6931471805599453
xuống,19,1,2.9444389791664403
lật,4,1,1.3862943611198906
gập,5,1,1.6094379124341003
vũ,5,1,1.6094379124341003
rốt,7,1,1.9459101490553132
trục,5,1,1.6094379124341003
nguyễn,8,1,2.0794415416798357
út,3,1,1.0986122886681098
tịch,1,1,0.0
gác,4,1,1.3862943611198906
menu,3,1,1.0986122886681098
sapôchê,1,1,0.0
dưa,6,1,1.791759469228055
hấu,3,1,1.0986122886681098
melody,1,1,0.0
tropical,1,1,0.0
blonde,1,1,0.0
ổi,2,1,0.6931471805599453
vitamin,1,1,0.0
strawberry,1,1,0.0
shake,1,1,0.0
mận,3,1,1.0986122886681098
cóc,3,1,1.0986122886681098
táo,14,1,2.6390573296152584
lê,6,1,1.791759469228055
gói,21,1,3.044522437723423
củ,9,1,2.1972245773362196
nhằm,5,1,1.6094379124341003
phức,5,1,1.6094379124341003
hãnh,2,1,0.6931471805599453
thiệu,15,1,2.70805020110221
ngượng,1,1,0.0
ngùng,3,1,1.0986122886681098
điềm,1,1,0.0
đạm,2,1,0.6931471805599453
cử,8,1,2.0794415416798357
lụy,2,1,0.6931471805599453
dắt,1,1,0.0
choàng,1,1,0.0
gai,3,1,1.0986122886681098
lỡ,8,1,2.0794415416798357
vướng,4,1,1.3862943611198906
đành,8,1,2.0794415416798357
buồng,2,1,0.6931471805599453
giếng,4,1,1.3862943611198906
nóc,1,1,0.0
sắtphù,1,1,0.0
thangcó,1,1,0.0
gắt,4,1,1.3862943611198906
rỗng,3,1,1.0986122886681098
cục,3,1,1.0986122886681098
lầu,1,1,0.0
dọc,4,1,1.3862943611198906
gờ,2,1,0.6931471805599453
víu,2,1,0.6931471805599453
đệm,5,1,1.6094379124341003
sảnh,1,1,0.0
cậy,4,1,1.3862943611198906
giẻ,1,1,0.0
ích,22,1,3.091042453358316
trợ,14,1,2.6390573296152584
sủa,2,1,0.6931471805599453
tuyến,4,1,1.3862943611198906
hoạt,24,1,3.1780538303479458
mạch,5,1,1.6094379124341003
hú,1,1,0.0
rọi,2,1,0.6931471805599453
pin,11,1,2.3978952727983707
dự,10,1,2.302585092994046
trữ,4,1,1.3862943611198906
viếng,1,1,0.0
panasonic,1,1,0.0
đế,5,1,1.6094379124341003
sạc,5,1,1.6094379124341003
sương,1,1,0.0
nhăn,1,1,0.0
phẳng,4,1,1.3862943611198906
ráp,3,1,1.0986122886681098
tốc,10,1,2.302585092994046
gali,1,1,0.0
suất,22,1,3.091042453358316
w,13,1,2.5649493574615367
george,1,1,0.0
freman,1,1,0.0
đáy,17,1,2.833213344056216
rãnh,1,1,0.0
bụi,14,1,2.6390573296152584
alingn,1,1,0.0
thổi,7,1,1.9459101490553132
sàn,1,1,0.0
thảm,1,1,0.0
kẹt,1,1,0.0
kg,11,1,2.3978952727983707
thùng,5,1,1.6094379124341003
khử,14,1,2.6390573296152584
hôi,8,1,2.0794415416798357
diệt,1,1,0.0
khuẩn,2,1,0.6931471805599453
thước,11,1,2.3978952727983707
chần,7,1,1.9459101490553132
chừ,5,1,1.6094379124341003
nở,8,1,2.0794415416798357
lậu,4,1,1.3862943611198906
tẩm,3,1,1.0986122886681098
quản,18,1,2.8903717578961645
sĩ,27,1,3.295836866004329
đinh,4,1,1.3862943611198906
nông,6,1,1.791759469228055
triển,6,1,1.791759469228055
new,7,1,1.9459101490553132
zealand,6,1,1.791759469228055
bọc,12,1,2.4849066497880004
lưới,12,1,2.4849066497880004
xốp,5,1,1.6094379124341003
đọng,1,1,0.0
nho,17,1,2.833213344056216
chùm,4,1,1.3862943611198906
hái,5,1,1.6094379124341003
vận,12,1,2.4849066497880004
héo,1,1,0.0
sần,3,1,1.0986122886681098
vinh,1,1,0.0
nhện,1,1,0.0
châm,7,1,1.9459101490553132
rám,2,1,0.6931471805599453
australia,1,1,0.0
cáo,5,1,1.6094379124341003
quýt,12,1,2.4849066497880004
nhầm,3,1,1.0986122886681098
dấu,14,1,2.6390573296152584
thấp,20,1,2.995732273553991
múi,1,1,0.0
nát,9,1,2.1972245773362196
bôi,2,1,0.6931471805599453
núm,2,1,0.6931471805599453
đốm,1,1,0.0
mác,1,1,0.0
tiêm,1,1,0.0
bổ,13,1,2.5649493574615367
nhũn,2,1,0.6931471805599453
loãng,3,1,1.0986122886681098
dư,6,1,1.791759469228055
gọt,1,1,0.0
mọng,2,1,0.6931471805599453
tốn,3,1,1.0986122886681098
lục,4,1,1.3862943611198906
xéo,2,1,0.6931471805599453
mép,5,1,1.6094379124341003
phồng,1,1,0.0
cập,4,1,1.3862943611198906
gặng,3,1,1.0986122886681098
siết,2,1,0.6931471805599453
tí,2,1,0.6931471805599453
nhan,1,1,0.0
chậm,5,1,1.6094379124341003
dừng,3,1,1.0986122886681098
vọt,1,1,0.0
đàng,12,1,2.4849066497880004
xí,3,1,1.0986122886681098
ném,1,1,0.0
đu,1,1,0.0
vẩy,1,1,0.0
tuệ,3,1,1.0986122886681098
nhẹn,1,1,0.0
loạn,1,1,0.0
hoi,1,1,0.0
luyên,1,1,0.0
thuyên,1,1,0.0
logic,2,1,0.6931471805599453
lao,12,1,2.4849066497880004
côn,1,1,0.0
thày,2,1,0.6931471805599453
ủng,3,1,1.0986122886681098
kịp,3,1,1.0986122886681098
thầy,11,1,2.3978952727983707
giảng,2,1,0.6931471805599453
bơi,2,1,0.6931471805599453
xộn,1,1,0.0
sân,2,1,0.6931471805599453
tả,2,1,0.6931471805599453
luật,3,1,1.0986122886681098
ngôn,2,1,0.6931471805599453
nghèo,5,1,1.6094379124341003
chật,3,1,1.0986122886681098
trừu,1,1,0.0
chữa,19,1,2.9444389791664403
tổng,6,1,1.791759469228055
vạch,2,1,0.6931471805599453
xua,1,1,0.0
liễu,1,1,0.0
loạt,4,1,1.3862943611198906
hung,2,1,0.6931471805599453
quấy,3,1,1.0986122886681098
rầy,1,1,0.0
đạp,2,1,0.6931471805599453
sặc,5,1,1.6094379124341003
sỡ,5,1,1.6094379124341003
ngặt,1,1,0.0
tennis,1,1,0.0
đặn,2,1,0.6931471805599453
thiếp,1,1,0.0
đóa,1,1,0.0
ngón,4,1,1.3862943611198906
cuộn,2,1,0.6931471805599453
nong,1,1,0.0
bung,3,1,1.0986122886681098
quấn,4,1,1.3862943611198906
buộc,14,1,2.6390573296152584
life,1,1,0.0
tailieuziliao,1,1,0.0
yahoo,1,1,0.0
cn,1,1,0.0
án,1,1,0.0
vườn,7,1,1.9459101490553132
hỗ,7,1,1.9459101490553132
giãn,8,1,2.0794415416798357
tưới,5,1,1.6094379124341003
xịt,4,1,1.3862943611198906
bón,2,1,0.6931471805599453
kiểng,6,1,1.791759469228055
xoay,3,1,1.0986122886681098
tỉa,7,1,1.9459101490553132
mé,1,1,0.0
cành,47,1,3.8501476017100584
nhành,1,1,0.0
tuốt,3,1,1.0986122886681098
nhánh,3,1,1.0986122886681098
rèn,1,1,0.0
xo,2,1,0.6931471805599453
nhát,1,1,0.0
mỏ,2,1,0.6931471805599453
giập,1,1,0.0
cán,1,1,0.0
dợn,1,1,0.0
cưa,5,1,1.6094379124341003
rễ,3,1,1.0986122886681098
trốc,1,1,0.0
lược,1,1,0.0
xới,2,1,0.6931471805599453
cào,1,1,0.0
cầm,7,1,1.9459101490553132
chĩa,1,1,0.0
tơi,2,1,0.6931471805599453
xẻng,1,1,0.0
vun,3,1,1.0986122886681098
hư,1,1,0.0
sẹo,1,1,0.0
trầy,4,1,1.3862943611198906
cảo,1,1,0.0
móc,6,1,1.791759469228055
níu,10,1,2.302585092994046
phủ,8,1,2.0794415416798357
trầm,6,1,1.791759469228055
lẳng,1,1,0.0
ga,2,1,0.6931471805599453
lăng,3,1,1.0986122886681098
khắt,2,1,0.6931471805599453
khe,2,1,0.6931471805599453
chặn,4,1,1.3862943611198906
thạc,5,1,1.6094379124341003
trặc,3,1,1.0986122886681098
đáo,11,1,2.3978952727983707
bươn,1,1,0.0
suôn,1,1,0.0
nốt,1,1,0.0
chương,2,1,0.6931471805599453
ỏi,2,1,0.6931471805599453
mỉm,1,1,0.0
ri,4,1,1.3862943611198906
tanh,1,1,0.0
dai,4,1,1.3862943611198906
bắp,1,1,0.0
săn,14,1,2.6390573296152584
béo,15,1,2.70805020110221
ngậy,3,1,1.0986122886681098
rộ,2,1,0.6931471805599453
lác,1,1,0.0
đác,1,1,0.0
xíu,2,1,0.6931471805599453
nép,1,1,0.0
sát,9,1,2.1972245773362196
bụng,7,1,1.9459101490553132
mầu,17,1,2.833213344056216
lóc,7,1,1.9459101490553132
quẹt,1,1,0.0
xẻo,1,1,0.0
nếm,3,1,1.0986122886681098
nhọc,3,1,1.0986122886681098
nẻo,3,1,1.0986122886681098
họa,4,1,1.3862943611198906
giáp,3,1,1.0986122886681098
hưu,1,1,0.0
tật,3,1,1.0986122886681098
bổn,5,1,1.6094379124341003
giỏ,5,1,1.6094379124341003
kẹo,14,1,2.6390573296152584
keo,10,1,2.302585092994046
néon,1,1,0.0
sụt,1,1,0.0
kiệm,7,1,1.9459101490553132
khởi,9,1,2.1972245773362196
inch,1,1,0.0
ariston,1,1,0.0
bơm,1,1,0.0
kva,2,1,0.6931471805599453
phí,5,1,1.6094379124341003
v,7,1,1.9459101490553132
rựa,5,1,1.6094379124341003
nhuyễn,11,1,2.3978952727983707
kho,10,1,2.302585092994046
lịm,3,1,1.0986122886681098
bùi,9,1,2.1972245773362196
chao,1,1,0.0
xoong,4,1,1.3862943611198906
ngò,2,1,0.6931471805599453
rắc,3,1,1.0986122886681098
hổi,1,1,0.0
xè,1,1,0.0
lựng,1,1,0.0
húp,1,1,0.0
ngụm,1,1,0.0
hột,5,1,1.6094379124341003
dẻo,5,1,1.6094379124341003
hụt,4,1,1.3862943611198906
hẫng,3,1,1.0986122886681098
khoảnh,2,1,0.6931471805599453
hễ,1,1,0.0
tệ,8,1,2.0794415416798357
túi,22,1,3.091042453358316
xìu,1,1,0.0
bai,2,1,0.6931471805599453
tràn,3,1,1.0986122886681098
rắp,1,1,0.0
cốc,4,1,1.3862943611198906
chocolate,4,1,1.3862943611198906
bại,5,1,1.6094379124341003
tê,1,1,0.0
vò,2,1,0.6931471805599453
hoãn,2,1,0.6931471805599453
binh,2,1,0.6931471805599453
gay,2,1,0.6931471805599453
né,2,1,0.6931471805599453
ôm,3,1,1.0986122886681098
khối,8,1,2.0794415416798357
u,2,1,0.6931471805599453
sầu,1,1,0.0
thẫn,2,1,0.6931471805599453
thờ,3,1,1.0986122886681098
hát,1,1,0.0
rủ,5,1,1.6094379124341003
xướng,1,1,0.0
trốn,1,1,0.0
khùng,2,1,0.6931471805599453
mũi,11,1,2.3978952727983707
đâm,2,1,0.6931471805599453
bom,1,1,0.0
bùng,5,1,1.6094379124341003
trắc,3,1,1.0986122886681098
danh,12,1,2.4849066497880004
nhặt,4,1,1.3862943611198906
vòng,24,1,3.1780538303479458
thăng,2,1,0.6931471805599453
đỗ,10,1,2.302585092994046
vấp,5,1,1.6094379124341003
dèm,2,1,0.6931471805599453
nhịn,5,1,1.6094379124341003
khoa,3,1,1.0986122886681098
ngô,2,1,0.6931471805599453
khoai,4,1,1.3862943611198906
máu,5,1,1.6094379124341003
ngành,1,1,0.0
gầy,1,1,0.0
bạc,16,1,2.772588722239781
gó,1,1,0.0
trụ,3,1,1.0986122886681098
cột,3,1,1.0986122886681098
rạn,2,1,0.6931471805599453
gan,1,1,0.0
thách,4,1,1.3862943611198906
thiệt,6,1,1.791759469228055
thòi,5,1,1.6094379124341003
galăng,1,1,0.0
củi,3,1,1.0986122886681098
dốt,2,1,0.6931471805599453
xài,3,1,1.0986122886681098
buôn,2,1,0.6931471805599453
nương,3,1,1.0986122886681098
tựa,5,1,1.6094379124341003
bệnh,19,1,2.9444389791664403
hoạn,3,1,1.0986122886681098
lính,1,1,0.0
thở,3,1,1.0986122886681098
bĩ,1,1,0.0
đếm,2,1,0.6931471805599453
cọ,5,1,1.6094379124341003
tánh,1,1,0.0
xui,1,1,0.0
tướng,2,1,0.6931471805599453
má,10,1,2.302585092994046
nợ,5,1,1.6094379124341003
phổ,10,1,2.302585092994046
đh,1,1,0.0
mếch,1,1,0.0
hè,7,1,1.9459101490553132
arctangza,6,1,1.791759469228055
le,3,1,1.0986122886681098
dâng,2,1,0.6931471805599453
triều,1,1,0.0
jeans,6,1,1.791759469228055
jean,2,1,0.6931471805599453
đội,1,1,0.0
đeo,2,1,0.6931471805599453
hông,4,1,1.3862943611198906
quậy,3,1,1.0986122886681098
dựa,18,1,2.8903717578961645
thắt,3,1,1.0986122886681098
xé,3,1,1.0986122886681098
tua,1,1,0.0
wash,2,1,0.6931471805599453
đùi,4,1,1.3862943611198906
thụng,1,1,0.0
hit,1,1,0.0
hop,1,1,0.0
rap,1,1,0.0
loe,1,1,0.0
gàng,1,1,0.0
gìn,8,1,2.0794415416798357
đoàn,1,1,0.0
thợ,4,1,1.3862943611198906
thầu,1,1,0.0
kháu,3,1,1.0986122886681098
khỉnh,3,1,1.0986122886681098
nhịp,3,1,1.0986122886681098
khẩn,5,1,1.6094379124341003
trương,4,1,1.3862943611198906
ngơi,3,1,1.0986122886681098
dẫm,4,1,1.3862943611198906
ẩn,3,1,1.0986122886681098
nũng,1,1,0.0
ỷ,12,1,2.4849066497880004
râu,2,1,0.6931471805599453
đấng,3,1,1.0986122886681098
trượng,1,1,0.0
phu,7,1,1.9459101490553132
ngoan,4,1,1.3862943611198906
phó,7,1,1.9459101490553132
canada,4,1,1.3862943611198906
khinh,4,1,1.3862943611198906
tụi,4,1,1.3862943611198906
dear,1,1,0.0
mạt,2,1,0.6931471805599453
hạch,1,1,0.0
kệ,3,1,1.0986122886681098
full,1,1,0.0
time,1,1,0.0
dẹp,2,1,0.6931471805599453
trăn,1,1,0.0
fillet,1,1,0.0
gr,2,1,0.6931471805599453
lạt,2,1,0.6931471805599453
muỗng,6,1,1.791759469228055
simili,4,1,1.3862943611198906
coban,1,1,0.0
in,8,1,2.0794415416798357
king,1,1,0.0
kong,1,1,0.0
miti,2,1,0.6931471805599453
chip,2,1,0.6931471805599453
khánh,6,1,1.791759469228055
pasteur,3,1,1.0986122886681098
chiểu,2,1,0.6931471805599453
miss,3,1,1.0986122886681098
dẻ,3,1,1.0986122886681098
elle,2,1,0.6931471805599453
bonia,2,1,0.6931471805599453
guy,1,1,0.0
laroche,1,1,0.0
usd,1,1,0.0
balô,1,1,0.0
shop,1,1,0.0
cườm,1,1,0.0
cước,2,1,0.6931471805599453
sunflower,1,1,0.0
sxs,2,1,0.6931471805599453
dạ,3,1,1.0986122886681098
taffta,1,1,0.0
labella,1,1,0.0
thô,1,1,0.0
nhuộm,3,1,1.0986122886681098
chói,1,1,0.0
vấnsống,1,1,0.0
ngủi,1,1,0.0
quân,5,1,1.6094379124341003
ư,3,1,1.0986122886681098
giấc,4,1,1.3862943611198906
chặng,1,1,0.0
lười,2,1,0.6931471805599453
ủy,1,1,0.0
thác,1,1,0.0
rách,3,1,1.0986122886681098
kịt,1,1,0.0
phán,2,1,0.6931471805599453
gã,1,1,0.0
khái,2,1,0.6931471805599453
chéo,4,1,1.3862943611198906
nặn,1,1,0.0
cội,2,1,0.6931471805599453
ồ,2,1,0.6931471805599453
đẩy,12,1,2.4849066497880004
nệm,7,1,1.9459101490553132
mút,2,1,0.6931471805599453
nhào,1,1,0.0
khói,25,1,3.2188758248682006
mưa,4,1,1.3862943611198906
bạt,2,1,0.6931471805599453
hugo,2,1,0.6931471805599453
dark,2,1,0.6931471805599453
blue,2,1,0.6931471805599453
chrome,2,1,0.6931471805599453
khiết,5,1,1.6094379124341003
xuân,4,1,1.3862943611198906
gừng,8,1,2.0794415416798357
bưởi,5,1,1.6094379124341003
roy,1,1,0.0
soleil,1,1,0.0
home,1,1,0.0
brazil,1,1,0.0
lài,1,1,0.0
phách,3,1,1.0986122886681098
laguna,1,1,0.0
homme,4,1,1.3862943611198906
oải,2,1,0.6931471805599453
quế,9,1,2.1972245773362196
lữ,1,1,0.0
nhài,1,1,0.0
l,3,1,1.0986122886681098
eau,1,1,0.0
par,1,1,0.0
kenzo,1,1,0.0
pour,3,1,1.0986122886681098
gucci,1,1,0.0
lãm,1,1,0.0
nguyệt,2,1,0.6931471805599453
irit,1,1,0.0
azzaro,1,1,0.0
sồi,2,1,0.6931471805599453
húng,2,1,0.6931471805599453
rêu,1,1,0.0
tựtrường,1,1,0.0
xóm,1,1,0.0
sum,1,1,0.0
họp,1,1,0.0
ấu,1,1,0.0
nhiệm,13,1,2.5649493574615367
lẻ,1,1,0.0
nỡ,2,1,0.6931471805599453
dò,2,1,0.6931471805599453
thám,1,1,0.0
chiến,6,1,1.791759469228055
vằng,1,1,0.0
stress,1,1,0.0
huyết,7,1,1.9459101490553132
niên,5,1,1.6094379124341003
mồm,3,1,1.0986122886681098
phiền,5,1,1.6094379124341003
cằn,2,1,0.6931471805599453
nhằn,1,1,0.0
hững,2,1,0.6931471805599453
hờ,2,1,0.6931471805599453
tủi,2,1,0.6931471805599453
dỗi,1,1,0.0
khơi,1,1,0.0
x,3,1,1.0986122886681098
y,2,1,0.6931471805599453
gao,1,1,0.0
hòm,1,1,0.0
quỹ,1,1,0.0
khôn,5,1,1.6094379124341003
son,1,1,0.0
loè,2,1,0.6931471805599453
loẹt,2,1,0.6931471805599453
tò,2,1,0.6931471805599453
mò,2,1,0.6931471805599453
lạm,1,1,0.0
đẻ,4,1,1.3862943611198906
mâu,4,1,1.3862943611198906
thuẫn,4,1,1.3862943611198906
lự,1,1,0.0
mạo,2,1,0.6931471805599453
muội,1,1,0.0
ngả,2,1,0.6931471805599453
cõi,2,1,0.6931471805599453
xỉ,2,1,0.6931471805599453
nhục,3,1,1.0986122886681098
hại,10,1,2.302585092994046
khâm,1,1,0.0
tuyên,2,1,0.6931471805599453
gartorate,1,1,0.0
pepsi,1,1,0.0
adams,1,1,0.0
sport,2,1,0.6931471805599453
úc,1,1,0.0
vodik,1,1,0.0
ab,1,1,0.0
oky,1,1,0.0
tuỳ,2,1,0.6931471805599453
lon,2,1,0.6931471805599453
nuti,1,1,0.0
food,1,1,0.0
luyện,5,1,1.6094379124341003
xóc,1,1,0.0
dội,1,1,0.0
ngậm,1,1,0.0
huấn,1,1,0.0
rệt,2,1,0.6931471805599453
carbohydrate,2,1,0.6931471805599453
ngừa,3,1,1.0986122886681098
dinh,3,1,1.0986122886681098
q,6,1,1.791759469228055
nẵng,5,1,1.6094379124341003
nạn,5,1,1.6094379124341003
khám,4,1,1.3862943611198906
đôn,1,1,0.0
đắc,1,1,0.0
lặn,6,1,1.791759469228055
lội,1,1,0.0
giãy,1,1,0.0
dè,1,1,0.0
bĩu,1,1,0.0
tuông,2,1,0.6931471805599453
bậy,1,1,0.0
bạ,3,1,1.0986122886681098
im,2,1,0.6931471805599453
vó,1,1,0.0
sắng,11,1,2.3978952727983707
xưởng,1,1,0.0
phước,2,1,0.6931471805599453
ký,3,1,1.0986122886681098
chợt,7,1,1.9459101490553132
mịt,1,1,0.0
xâu,3,1,1.0986122886681098
chuỗi,1,1,0.0
luồng,2,1,0.6931471805599453
giám,3,1,1.0986122886681098
đốc,3,1,1.0986122886681098
ám,4,1,1.3862943611198906
ranh,2,1,0.6931471805599453
manh,4,1,1.3862943611198906
tỏa,6,1,1.791759469228055
trót,2,1,0.6931471805599453
chạnh,11,1,2.3978952727983707
ác,2,1,0.6931471805599453
trượt,1,1,0.0
khoe,2,1,0.6931471805599453
trúng,1,1,0.0
phỉ,1,1,0.0
báng,1,1,0.0
giời,1,1,0.0
trơ,2,1,0.6931471805599453
bô,2,1,0.6931471805599453
ôtô,2,1,0.6931471805599453
lâm,3,1,1.0986122886681098
vạy,1,1,0.0
ốm,2,1,0.6931471805599453
thếch,1,1,0.0
thói,14,1,2.6390573296152584
khê,1,1,0.0
cụt,3,1,1.0986122886681098
vã,2,1,0.6931471805599453
khiếm,4,1,1.3862943611198906
khuyết,5,1,1.6094379124341003
chở,5,1,1.6094379124341003
màn,9,1,2.1972245773362196
giũ,1,1,0.0
thai,2,1,0.6931471805599453
han,3,1,1.0986122886681098
vỗ,1,1,0.0
khoan,4,1,1.3862943611198906
nghiện,1,1,0.0
ơ,1,1,0.0
lãnh,3,1,1.0986122886681098
bỉ,1,1,0.0
dẫu,2,1,0.6931471805599453
thỏa,4,1,1.3862943611198906
chì,7,1,1.9459101490553132
bấc,1,1,0.0
cắn,1,1,0.0
rứt,1,1,0.0
thắm,6,1,1.791759469228055
đền,1,1,0.0
rời,17,1,2.833213344056216
thẳm,2,1,0.6931471805599453
kiều,3,1,1.0986122886681098
nghịch,3,1,1.0986122886681098
gạt,1,1,0.0
tiễn,1,1,0.0
chốn,3,1,1.0986122886681098
suông,3,1,1.0986122886681098
diễm,1,1,0.0
vĩnh,4,1,1.3862943611198906
đắp,7,1,1.9459101490553132
nỉ,3,1,1.0986122886681098
non,14,1,2.6390573296152584
khâu,8,1,2.0794415416798357
khuy,2,1,0.6931471805599453
băng,11,1,2.3978952727983707
cúc,9,1,2.1972245773362196
khiêm,1,1,0.0
hộc,3,1,1.0986122886681098
sô,1,1,0.0
ván,5,1,1.6094379124341003
mfc,1,1,0.0
okal,1,1,0.0
melamine,1,1,0.0
mdf,1,1,0.0
mable,1,1,0.0
phết,2,1,0.6931471805599453
thuần,1,1,0.0
nhuận,1,1,0.0
taffano,1,1,0.0
tấn,1,1,0.0
kc,1,1,0.0
trỗi,1,1,0.0
lựu,4,1,1.3862943611198906
filê,1,1,0.0
pípo,2,1,0.6931471805599453
knorr,3,1,1.0986122886681098
xắt,4,1,1.3862943611198906
bế,2,1,0.6931471805599453
adam,1,1,0.0
háo,3,1,1.0986122886681098
hức,3,1,1.0986122886681098
dải,2,1,0.6931471805599453
hỏa,2,1,0.6931471805599453
ngớ,1,1,0.0
ngẩn,1,1,0.0
nhẽo,1,1,0.0
quặc,1,1,0.0
dạn,6,1,1.791759469228055
chối,10,1,2.302585092994046
lọ,5,1,1.6094379124341003
lem,1,1,0.0
hứng,8,1,2.0794415416798357
thướt,1,1,0.0
ngẩm,1,1,0.0
nhồi,8,1,2.0794415416798357
rích,1,1,0.0
nhàu,1,1,0.0
bấm,3,1,1.0986122886681098
on,2,1,0.6931471805599453
thình,1,1,0.0
bổng,1,1,0.0
miễn,6,1,1.791759469228055
nụ,2,1,0.6931471805599453
đói,4,1,1.3862943611198906
huy,1,1,0.0
thít,1,1,0.0
cũi,1,1,0.0
ẵm,1,1,0.0
ngửa,1,1,0.0
nghẹn,1,1,0.0
ngạt,1,1,0.0
nhét,3,1,1.0986122886681098
ve,2,1,0.6931471805599453
rụng,1,1,0.0
nghẹt,3,1,1.0986122886681098
giật,2,1,0.6931471805599453
bịt,2,1,0.6931471805599453
nhảy,1,1,0.0
súng,11,1,2.3978952727983707
thính,1,1,0.0
pháo,1,1,0.0
bắn,2,1,0.6931471805599453
ổ,1,1,0.0
tung,4,1,1.3862943611198906
cốm,28,1,3.332204510175204
giỗ,1,1,0.0
chạp,1,1,0.0
nạc,6,1,1.791759469228055
sấy,22,1,3.091042453358316
sẩy,1,1,0.0
vại,1,1,0.0
khét,1,1,0.0
thiu,1,1,0.0
sượng,2,1,0.6931471805599453
xuê,2,1,0.6931471805599453
mứt,3,1,1.0986122886681098
ni,2,1,0.6931471805599453
bẻ,4,1,1.3862943611198906
dãy,1,1,0.0
dõi,2,1,0.6931471805599453
lờ,1,1,0.0
ok,1,1,0.0
chội,1,1,0.0
viển,1,1,0.0
vông,1,1,0.0
túp,1,1,0.0
thiêng,2,1,0.6931471805599453
liêng,2,1,0.6931471805599453
trễ,5,1,1.6094379124341003
hắn,1,1,0.0
nài,1,1,0.0
xiêu,1,1,0.0
phụng,5,1,1.6094379124341003
hoang,10,1,2.302585092994046
phờ,1,1,0.0
phạc,1,1,0.0
dụm,2,1,0.6931471805599453
ttkh,1,1,0.0
bẽo,1,1,0.0
mộ,2,1,0.6931471805599453
tảng,2,1,0.6931471805599453
bá,1,1,0.0
gặt,4,1,1.3862943611198906
đát,2,1,0.6931471805599453
mủn,1,1,0.0
thề,2,1,0.6931471805599453
tồi,2,1,0.6931471805599453
khoét,2,1,0.6931471805599453
ao,2,1,0.6931471805599453
quẫn,1,1,0.0
liều,2,1,0.6931471805599453
ham,1,1,0.0
shock,1,1,0.0
ầm,1,1,0.0
tồn,6,1,1.791759469228055
sụp,6,1,1.791759469228055
nua,1,1,0.0
sót,3,1,1.0986122886681098
hờn,2,1,0.6931471805599453
cớ,3,1,1.0986122886681098
khất,1,1,0.0
luẩn,1,1,0.0
quẩn,1,1,0.0
nhủ,5,1,1.6094379124341003
vùi,1,1,0.0
biếu,1,1,0.0
na,3,1,1.0986122886681098
ná,3,1,1.0986122886681098
độn,1,1,0.0
nui,2,1,0.6931471805599453
miến,3,1,1.0986122886681098
nylon,1,1,0.0
safoco,1,1,0.0
safaco,1,1,0.0
agrex,1,1,0.0
saigon,1,1,0.0
dong,1,1,0.0
phộng,7,1,1.9459101490553132
mè,6,1,1.791759469228055
dan,2,1,0.6931471805599453
d,6,1,1.791759469228055
pak,1,1,0.0
tnhh,1,1,0.0
foods,1,1,0.0
xửng,1,1,0.0
huế,2,1,0.6931471805599453
nguội,9,1,2.1972245773362196
uy,3,1,1.0986122886681098
dăm,1,1,0.0
vụn,1,1,0.0
tráo,1,1,0.0
ghi,4,1,1.3862943611198906
fuji,3,1,1.0986122886681098
lợt,1,1,0.0
sọc,3,1,1.0986122886681098
sỹ,2,1,0.6931471805599453
khít,2,1,0.6931471805599453
lỗ,18,1,2.8903717578961645
lana,1,1,0.0
nạ,1,1,0.0
nivea,1,1,0.0
khoáng,1,1,0.0
provitamin,1,1,0.0
pixy,1,1,0.0
clear,2,1,0.6931471805599453
toner,2,1,0.6931471805599453
kosé,1,1,0.0
amore,2,1,0.6931471805599453
debon,1,1,0.0
geo,3,1,1.0986122886681098
shiseido,1,1,0.0
oréal,2,1,0.6931471805599453
kanebo,1,1,0.0
clinique,1,1,0.0
carita,1,1,0.0
laneige,1,1,0.0
iope,1,1,0.0
whitegen,1,1,0.0
nám,1,1,0.0
tightening,1,1,0.0
whitening,1,1,0.0
lotion,1,1,0.0
clarin,1,1,0.0
vặn,2,1,0.6931471805599453
ngục,2,1,0.6931471805599453
oán,2,1,0.6931471805599453
hiềm,1,1,0.0
xoá,2,1,0.6931471805599453
khan,1,1,0.0
mào,1,1,0.0
chích,1,1,0.0
chòe,1,1,0.0
nơm,1,1,0.0
dàn,7,1,1.9459101490553132
leo,3,1,1.0986122886681098
mướt,1,1,0.0
lợp,1,1,0.0
ngói,1,1,0.0
bộn,2,1,0.6931471805599453
bơ,4,1,1.3862943611198906
tuyết,6,1,1.791759469228055
rẽ,2,1,0.6931471805599453
múa,1,1,0.0
rìu,1,1,0.0
ráng,1,1,0.0
nan,1,1,0.0
loài,11,1,2.3978952727983707
dại,1,1,0.0
giẫm,1,1,0.0
đồn,1,1,0.0
lung,2,1,0.6931471805599453
lay,2,1,0.6931471805599453
bỗng,1,1,0.0
đỗi,1,1,0.0
daosao,1,1,0.0
nhóikỷ,1,1,0.0
khóimà,1,1,0.0
caykỷ,1,1,0.0
dâysao,1,1,0.0
trói,1,1,0.0
vấnkỷ,1,1,0.0
buốt,2,1,0.6931471805599453
lòngkỷ,1,1,0.0
thươngnhói,1,1,0.0
buông,6,1,1.791759469228055
xuôi,3,1,1.0986122886681098
toan,2,1,0.6931471805599453
cuồng,1,1,0.0
sên,2,1,0.6931471805599453
chui,1,1,0.0
rúc,1,1,0.0
trút,1,1,0.0
nạng,2,1,0.6931471805599453
rỉ,2,1,0.6931471805599453
ngươi,2,1,0.6931471805599453
quằn,2,1,0.6931471805599453
quại,2,1,0.6931471805599453
nguôi,3,1,1.0986122886681098
nhũng,1,1,0.0
bờ,5,1,1.6094379124341003
tù,1,1,0.0
phũ,1,1,0.0
phàng,1,1,0.0
model,9,1,2.1972245773362196
phím,8,1,2.0794415416798357
đàm,3,1,1.0986122886681098
adapter,1,1,0.0
gsm,4,1,1.3862943611198906
vinaphone,3,1,1.0986122886681098
mobifone,3,1,1.0986122886681098
tdma,1,1,0.0
cdma,1,1,0.0
sfone,2,1,0.6931471805599453
analog,2,1,0.6931471805599453
sút,1,1,0.0
tần,6,1,1.791759469228055
mhz,3,1,1.0986122886681098
lướt,2,1,0.6931471805599453
web,3,1,1.0986122886681098
font,1,1,0.0
pda,1,1,0.0
lồi,1,1,0.0
lõm,1,1,0.0
joystick,1,1,0.0
xóa,2,1,0.6931471805599453
headset,2,1,0.6931471805599453
bluetooth,1,1,0.0
tải,1,1,0.0
internet,2,1,0.6931471805599453
wab,1,1,0.0
dịnh,1,1,0.0
kb,2,1,0.6931471805599453
gprs,1,1,0.0
khống,2,1,0.6931471805599453
tằn,1,1,0.0
khoản,2,1,0.6931471805599453
hớ,1,1,0.0
thỏi,1,1,0.0
phiếu,2,1,0.6931471805599453
nại,1,1,0.0
hùng,1,1,0.0
vịn,1,1,0.0
đằm,2,1,0.6931471805599453
chuốt,1,1,0.0
đăng,5,1,1.6094379124341003
nỗ,4,1,1.3862943611198906
sửng,2,1,0.6931471805599453
vóc,1,1,0.0
khước,1,1,0.0
chuộc,2,1,0.6931471805599453
khứ,3,1,1.0986122886681098
room,2,1,0.6931471805599453
luyến,1,1,0.0
kha,2,1,0.6931471805599453
day,3,1,1.0986122886681098
quạt,9,1,2.1972245773362196
sakura,2,1,0.6931471805599453
san,1,1,0.0
súc,2,1,0.6931471805599453
bóp,1,1,0.0
bốc,4,1,1.3862943611198906
ngỡ,1,1,0.0
chớp,1,1,0.0
hổng,2,1,0.6931471805599453
nĩa,1,1,0.0
axit,1,1,0.0
gỉ,6,1,1.791759469228055
sét,2,1,0.6931471805599453
hwata,1,1,0.0
vina,2,1,0.6931471805599453
hầm,5,1,1.6094379124341003
oxy,1,1,0.0
hàm,1,1,0.0
crôm,1,1,0.0
niken,1,1,0.0
thấu,3,1,1.0986122886681098
xước,3,1,1.0986122886681098
hít,1,1,0.0
búng,1,1,0.0
vang,2,1,0.6931471805599453
hãm,1,1,0.0
đúc,10,1,2.302585092994046
mí,2,1,0.6931471805599453
match,1,1,0.0
ellen,2,1,0.6931471805599453
kriedman,1,1,0.0
bảng,8,1,2.0794415416798357
bigchurch,1,1,0.0
christiancafe,1,1,0.0
jewishmatchmaker,1,1,0.0
fitnessdate,1,1,0.0
doggiedating,1,1,0.0
udate,1,1,0.0
ảo,2,1,0.6931471805599453
bar,1,1,0.0
bẫy,1,1,0.0
fein,2,1,0.6931471805599453
schneider,2,1,0.6931471805599453
dấn,1,1,0.0
trăng,4,1,1.3862943611198906
điền,1,1,0.0
when,1,1,0.0
harry,2,1,0.6931471805599453
met,1,1,0.0
sally,1,1,0.0
bãi,1,1,0.0
tv,1,1,0.0
dirty,1,1,0.0
don,1,1,0.0
juan,1,1,0.0
cuội,1,1,0.0
nháy,1,1,0.0
sexy,1,1,0.0
cợt,2,1,0.6931471805599453
yeutinhđeptrai,1,1,0.0
sex,1,1,0.0
thiệp,1,1,0.0
nghĩnh,1,1,0.0
xòe,1,1,0.0
bìa,8,1,2.0794415416798357
bút,7,1,1.9459101490553132
muốt,1,1,0.0
xộc,1,1,0.0
xệch,1,1,0.0
hoen,1,1,0.0
phai,1,1,0.0
market,1,1,0.0
pasly,2,1,0.6931471805599453
chẻ,1,1,0.0
cave,2,1,0.6931471805599453
ngoãn,1,1,0.0
lở,1,1,0.0
tùng,2,1,0.6931471805599453
mươi,2,1,0.6931471805599453
giở,2,1,0.6931471805599453
đầm,7,1,1.9459101490553132
cồ,1,1,0.0
liếm,1,1,0.0
tang,3,1,1.0986122886681098
thùy,6,1,1.791759469228055
morazzela,1,1,0.0
cheese,1,1,0.0
pizza,1,1,0.0
xù,1,1,0.0
college,1,1,0.0
trú,1,1,0.0
phone,1,1,0.0
hệt,2,1,0.6931471805599453
tìh,1,1,0.0
mách,4,1,1.3862943611198906
bu,1,1,0.0
tè,1,1,0.0
đệ,1,1,0.0
thèm,2,1,0.6931471805599453
đuông,9,1,2.1972245773362196
trồng,5,1,1.6094379124341003
trầu,1,1,0.0
đọt,6,1,1.791759469228055
bẹ,1,1,0.0
nhộng,1,1,0.0
bướm,2,1,0.6931471805599453
mập,2,1,0.6931471805599453
kiết,1,1,0.0
dơi,15,1,2.70805020110221
quạ,1,1,0.0
cù,1,1,0.0
sông,8,1,2.0794415416798357
ven,1,1,0.0
chuột,7,1,1.9459101490553132
khoái,4,1,1.3862943611198906
rô,2,1,0.6931471805599453
tạt,1,1,0.0
lươn,14,1,2.6390573296152584
rùa,2,1,0.6931471805599453
ếch,2,1,0.6931471805599453
gò,3,1,1.0986122886681098
vôi,1,1,0.0
lợ,1,1,0.0
chẽm,1,1,0.0
nức,1,1,0.0
bống,1,1,0.0
kèo,1,1,0.0
trê,1,1,0.0
cọng,6,1,1.791759469228055
kê,1,1,0.0
nâng,1,1,0.0
mica,2,1,0.6931471805599453
cáp,4,1,1.3862943611198906
thự,1,1,0.0
uỷ,1,1,0.0
mị,1,1,0.0
tột,2,1,0.6931471805599453
hến,11,1,2.3978952727983707
vo,1,1,0.0
gié,3,1,1.0986122886681098
đũa,1,1,0.0
đực,2,1,0.6931471805599453
quánh,1,1,0.0
tàu,5,1,1.6094379124341003
tiệt,9,1,2.1972245773362196
ozone,4,1,1.3862943611198906
manon,2,1,0.6931471805599453
kông,1,1,0.0
quầy,1,1,0.0
hitachi,1,1,0.0
rtp,1,1,0.0
ztp,1,1,0.0
thuỳ,2,1,0.6931471805599453
hiển,1,1,0.0
tý,2,1,0.6931471805599453
khiếp,2,1,0.6931471805599453
trại,1,1,0.0
cộc,1,1,0.0
bần,3,1,1.0986122886681098
xà,6,1,1.791759469228055
lách,3,1,1.0986122886681098
mâm,3,1,1.0986122886681098
chõ,1,1,0.0
huyện,4,1,1.3862943611198906
lênh,1,1,0.0
đênh,1,1,0.0
chốc,1,1,0.0
bụ,1,1,0.0
bẫm,1,1,0.0
no,1,1,0.0
rói,1,1,0.0
khoang,2,1,0.6931471805599453
hủy,3,1,1.0986122886681098
hoại,1,1,0.0
lửng,2,1,0.6931471805599453
ối,1,1,0.0
cộ,1,1,0.0
reo,2,1,0.6931471805599453
tri,1,1,0.0
trẽn,1,1,0.0
chém,1,1,0.0
kiếp,1,1,0.0
vơ,2,1,0.6931471805599453
cõng,1,1,0.0
nực,1,1,0.0
sùng,1,1,0.0
ngóng,2,1,0.6931471805599453
hời,1,1,0.0
ru,1,1,0.0
xăm,7,1,1.9459101490553132
giăng,1,1,0.0
tơ,1,1,0.0
đò,1,1,0.0
chắp,1,1,0.0
nhằng,1,1,0.0
bâng,1,1,0.0
khuâng,1,1,0.0
khăng,2,1,0.6931471805599453
tuấn,5,1,1.6094379124341003
baby,5,1,1.6094379124341003
mõm,3,1,1.0986122886681098
sói,3,1,1.0986122886681098
salem,1,1,0.0
xoăn,1,1,0.0
vạc,1,1,0.0
búp,1,1,0.0
sắn,9,1,2.1972245773362196
neo,1,1,0.0
hới,1,1,0.0
mòi,1,1,0.0
sồn,1,1,0.0
sột,1,1,0.0
rim,1,1,0.0
bèo,1,1,0.0
trụng,1,1,0.0
chắt,2,1,0.6931471805599453
xô,2,1,0.6931471805599453
cácbonat,2,1,0.6931471805599453
natri,2,1,0.6931471805599453
sườn,2,1,0.6931471805599453
khoẻ,3,1,1.0986122886681098
trùm,1,1,0.0
đơ,1,1,0.0
còng,1,1,0.0
chuốc,3,1,1.0986122886681098
nhắm,3,1,1.0986122886681098
hở,2,1,0.6931471805599453
cạp,1,1,0.0
sưa,1,1,0.0
tớ,2,1,0.6931471805599453
bỡn,1,1,0.0
suối,1,1,0.0
liếc,1,1,0.0
bảnh,1,1,0.0
sảng,1,1,0.0
khuấy,8,1,2.0794415416798357
hớt,3,1,1.0986122886681098
bọt,3,1,1.0986122886681098
nhấc,4,1,1.3862943611198906
thau,6,1,1.791759469228055
dì,2,1,0.6931471805599453
oằn,1,1,0.0
oại,1,1,0.0
lường,1,1,0.0
lõng,1,1,0.0
samsung,4,1,1.3862943611198906
mp,4,1,1.3862943611198906
electronics,1,1,0.0
dnie,1,1,0.0
sáu,1,1,0.0
plasma,1,1,0.0
lcd,1,1,0.0
projection,1,1,0.0
dlp,1,1,0.0
video,2,1,0.6931471805599453
duocam,1,1,0.0
dsc,1,1,0.0
mini,2,1,0.6931471805599453
dv,1,1,0.0
cd,1,1,0.0
yp,2,1,0.6931471805599453
vãnh,4,1,1.3862943611198906
véc,1,1,0.0
kẽm,4,1,1.3862943611198906
salon,7,1,1.9459101490553132
trâu,1,1,0.0
sộ,1,1,0.0
bành,1,1,0.0
xiên,6,1,1.791759469228055
xì,2,1,0.6931471805599453
rưới,3,1,1.0986122886681098
quyện,2,1,0.6931471805599453
sít,1,1,0.0
dập,2,1,0.6931471805599453
gắp,2,1,0.6931471805599453
bói,11,1,2.3978952727983707
cóng,2,1,0.6931471805599453
phẫu,3,1,1.0986122886681098
dùm,1,1,0.0
ngoai,1,1,0.0
funiki,2,1,0.6931471805599453
trội,1,1,0.0
oc,2,1,0.6931471805599453
dưưỡng,1,1,0.0
li,1,1,0.0
nhiễm,1,1,0.0
lây,1,1,0.0
floor,1,1,0.0
type,2,1,0.6931471805599453
btu,3,1,1.0986122886681098
matsushita,2,1,0.6931471805599453
copeland,1,1,0.0
cassette,2,1,0.6931471805599453
ceiling,1,1,0.0
cổng,11,1,2.3978952727983707
ngữ,1,1,0.0
mượn,1,1,0.0
cấu,3,1,1.0986122886681098
náo,1,1,0.0
bặm,1,1,0.0
nhốt,1,1,0.0
vấy,1,1,0.0
xâm,1,1,0.0
dùi,6,1,1.791759469228055
cài,1,1,0.0
ngót,1,1,0.0
thẫm,1,1,0.0
nhai,1,1,0.0
nhót,1,1,0.0
sẫm,1,1,0.0
đượm,1,1,0.0
lạng,2,1,0.6931471805599453
sả,4,1,1.3862943611198906
mổ,1,1,0.0
khúc,1,1,0.0
đút,1,1,0.0
rậm,1,1,0.0
ii,1,1,0.0
i,1,1,0.0
phích,1,1,0.0
rơ,1,1,0.0
vodka,3,1,1.0986122886681098
cruiser,3,1,1.0986122886681098
fruit,2,1,0.6931471805599453
ligo,1,1,0.0
khoanh,2,1,0.6931471805599453
khui,1,1,0.0
thố,1,1,0.0
điếu,1,1,0.0
thản,5,1,1.6094379124341003
năn,1,1,0.0
nhoi,1,1,0.0
gieo,3,1,1.0986122886681098
chóc,1,1,0.0
măng,3,1,1.0986122886681098
muống,9,1,2.1972245773362196
muỗi,1,1,0.0
rét,1,1,0.0
chập,1,1,0.0
ùa,1,1,0.0
cấn,3,1,1.0986122886681098
oai,1,1,0.0
ngư,2,1,0.6931471805599453
múp,1,1,0.0
rộm,1,1,0.0
cấy,1,1,0.0
mầm,2,1,0.6931471805599453
gang,1,1,0.0
hoá,1,1,0.0
vũng,2,1,0.6931471805599453
me,1,1,0.0
bổi,1,1,0.0
lừng,1,1,0.0
thoang,1,1,0.0
váng,1,1,0.0
om,1,1,0.0
chiêu,2,1,0.6931471805599453
vuốt,1,1,0.0
ky,1,1,0.0
bo,1,1,0.0
thỉ,1,1,0.0
phỏng,1,1,0.0
ngát,1,1,0.0
nguời,1,1,0.0
bọn,7,1,1.9459101490553132
đềm,1,1,0.0
xổi,2,1,0.6931471805599453
chếnh,1,1,0.0
dầm,1,1,0.0
sấu,1,1,0.0
thải,2,1,0.6931471805599453
ngưng,1,1,0.0
elba,2,1,0.6931471805599453
ronda,1,1,0.0
bk,1,1,0.0
tl,1,1,0.0
brandt,1,1,0.0
rinnai,1,1,0.0
electrolux,1,1,0.0
nấm,4,1,1.3862943611198906
gài,1,1,0.0
timer,1,1,0.0
vênh,1,1,0.0
roan,4,1,1.3862943611198906
xú,1,1,0.0
páp,1,1,0.0
cót,1,1,0.0
nhám,1,1,0.0
kiệu,2,1,0.6931471805599453
chưng,2,1,0.6931471805599453
tét,2,1,0.6931471805599453
giò,2,1,0.6931471805599453
cỗ,1,1,0.0
tươm,1,1,0.0
toa,4,1,1.3862943611198906
vissan,1,1,0.0
thiếc,4,1,1.3862943611198906
vén,1,1,0.0
xịn,1,1,0.0
cồn,1,1,0.0
champagne,1,1,0.0
thím,1,1,0.0
bon,1,1,0.0
