pseudoword,syllable_length,quality_flag,source_method,component_syllables,corpus_match_status,possible_meaning_warning,review_status,notes
phớ,1,high,v3_minimal_modification_of_attested_syllable,phụ,no exact match in corpus/candidate/final-real-word files,none_detected_by_heuristic,needs_manual_review,single-syllable nonword generated by minimal modification of real syllable
găch,1,medium,v3_minimal_modification_of_attested_syllable,gạch,no exact match in corpus/candidate/final-real-word files,none_detected_by_heuristic,needs_manual_review,single-syllable nonword generated by minimal modification of real syllable
gỏp,1,high,v3_minimal_modification_of_attested_syllable,gặp,no exact match in corpus/candidate/final-real-word files,none_detected_by_heuristic,needs_manual_review,single-syllable nonword generated by minimal modification of real syllable
bứng,1,medium,v3_minimal_modification_of_attested_syllable,bức,no exact match in corpus/candidate/final-real-word files,none_detected_by_heuristic,needs_manual_review,single-syllable nonword generated by minimal modification of real syllable
hẹm,1,high,v3_minimal_modification_of_attested_syllable,hẹn,no exact match in corpus/candidate/final-real-word files,none_detected_by_heuristic,needs_manual_review,single-syllable nonword generated by minimal modification of real syllable
hìm,1,medium,v3_minimal_modification_of_attested_syllable,hình,no exact match in corpus/candidate/final-real-word files,none_detected_by_heuristic,needs_manual_review,single-syllable nonword generated by minimal modification of real syllable
đẩp,1,medium,v3_minimal_modification_of_attested_syllable,đắp,no exact match in corpus/candidate/final-real-word files,none_detected_by_heuristic,needs_manual_review,single-syllable nonword generated by minimal modification of real syllable
lơc,1,high,v3_minimal_modification_of_attested_syllable,lực,no exact match in corpus/candidate/final-real-word files,none_detected_by_heuristic,needs_manual_review,single-syllable nonword generated by minimal modification of real syllable
phấ,1,medium,v3_minimal_modification_of_attested_syllable,phá,no exact match in corpus/candidate/final-real-word files,none_detected_by_heuristic,needs_manual_review,single-syllable nonword generated by minimal modification of real syllable
sỏng,1,medium,v3_minimal_modification_of_attested_syllable,sống,no exact match in corpus/candidate/final-real-word files,none_detected_by_heuristic,needs_manual_review,single-syllable nonword generated by minimal modification of real syllable
đểnh,1,high,v3_minimal_modification_of_attested_syllable,định,no exact match in corpus/candidate/final-real-word files,none_detected_by_heuristic,needs_manual_review,single-syllable nonword generated by minimal modification of real syllable
đừc,1,medium,v3_minimal_modification_of_attested_syllable,đừng,no exact match in corpus/candidate/final-real-word files,none_detected_by_heuristic,needs_manual_review,single-syllable nonword generated by minimal modification of real syllable
gống,1,medium,v3_minimal_modification_of_attested_syllable,gốm,no exact match in corpus/candidate/final-real-word files,none_detected_by_heuristic,needs_manual_review,single-syllable nonword generated by minimal modification of real syllable
dởc,1,high,v3_minimal_modification_of_attested_syllable,dục,no exact match in corpus/candidate/final-real-word files,none_detected_by_heuristic,needs_manual_review,single-syllable nonword generated by minimal modification of real syllable
tửn,1,high,v3_minimal_modification_of_attested_syllable,tôn,no exact match in corpus/candidate/final-real-word files,none_detected_by_heuristic,needs_manual_review,single-syllable nonword generated by minimal modification of real syllable
trớc,1,high,v3_minimal_modification_of_attested_syllable,trúc,no exact match in corpus/candidate/final-real-word files,none_detected_by_heuristic,needs_manual_review,single-syllable nonword generated by minimal modification of real syllable
xôp,1,medium,v3_minimal_modification_of_attested_syllable,xốp,no exact match in corpus/candidate/final-real-word files,none_detected_by_heuristic,needs_manual_review,single-syllable nonword generated by minimal modification of real syllable
đật,1,high,v3_minimal_modification_of_attested_syllable,đậm,no exact match in corpus/candidate/final-real-word files,none_detected_by_heuristic,needs_manual_review,single-syllable nonword generated by minimal modification of real syllable
vởng,1,high,v3_minimal_modification_of_attested_syllable,vàng,no exact match in corpus/candidate/final-real-word files,none_detected_by_heuristic,needs_manual_review,single-syllable nonword generated by minimal modification of real syllable
lớc,1,high,v3_minimal_modification_of_attested_syllable,lớp,no exact match in corpus/candidate/final-real-word files,none_detected_by_heuristic,needs_manual_review,single-syllable nonword generated by minimal modification of real syllable
nhản,1,medium,v3_minimal_modification_of_attested_syllable,nhận,no exact match in corpus/candidate/final-real-word files,none_detected_by_heuristic,needs_manual_review,single-syllable nonword generated by minimal modification of real syllable
tơc,1,high,v3_minimal_modification_of_attested_syllable,tức,no exact match in corpus/candidate/final-real-word files,none_detected_by_heuristic,needs_manual_review,single-syllable nonword generated by minimal modification of real syllable
chố,1,high,v3_minimal_modification_of_attested_syllable,chủ,no exact match in corpus/candidate/final-real-word files,none_detected_by_heuristic,needs_manual_review,single-syllable nonword generated by minimal modification of real syllable
dăn,1,medium,v3_minimal_modification_of_attested_syllable,dán,no exact match in corpus/candidate/final-real-word files,none_detected_by_heuristic,needs_manual_review,single-syllable nonword generated by minimal modification of real syllable
nhá,1,high,v3_minimal_modification_of_attested_syllable,nhé,no exact match in corpus/candidate/final-real-word files,none_detected_by_heuristic,needs_manual_review,single-syllable nonword generated by minimal modification of real syllable
bậng,1,medium,v3_minimal_modification_of_attested_syllable,bận,no exact match in corpus/candidate/final-real-word files,none_detected_by_heuristic,needs_manual_review,single-syllable nonword generated by minimal modification of real syllable
tợm,1,medium,v3_minimal_modification_of_attested_syllable,tôm,no exact match in corpus/candidate/final-real-word files,none_detected_by_heuristic,needs_manual_review,single-syllable nonword generated by minimal modification of real syllable
bợt,1,medium,v3_minimal_modification_of_attested_syllable,bớt,no exact match in corpus/candidate/final-real-word files,none_detected_by_heuristic,needs_manual_review,single-syllable nonword generated by minimal modification of real syllable
thóm,1,high,v3_minimal_modification_of_attested_syllable,thẩm,no exact match in corpus/candidate/final-real-word files,none_detected_by_heuristic,needs_manual_review,single-syllable nonword generated by minimal modification of real syllable
phẻt,1,high,v3_minimal_modification_of_attested_syllable,phát,no exact match in corpus/candidate/final-real-word files,none_detected_by_heuristic,needs_manual_review,single-syllable nonword generated by minimal modification of real syllable
nóm,1,high,v3_minimal_modification_of_attested_syllable,nắm,no exact match in corpus/candidate/final-real-word files,none_detected_by_heuristic,needs_manual_review,single-syllable nonword generated by minimal modification of real syllable
sôc,1,medium,v3_minimal_modification_of_attested_syllable,sông,no exact match in corpus/candidate/final-real-word files,none_detected_by_heuristic,needs_manual_review,single-syllable nonword generated by minimal modification of real syllable
chẳp,1,medium,v3_minimal_modification_of_attested_syllable,chấp,no exact match in corpus/candidate/final-real-word files,none_detected_by_heuristic,needs_manual_review,single-syllable nonword generated by minimal modification of real syllable
vóng,1,medium,v3_minimal_modification_of_attested_syllable,vọng,no exact match in corpus/candidate/final-real-word files,none_detected_by_heuristic,needs_manual_review,single-syllable nonword generated by minimal modification of real syllable
lẩt,1,high,v3_minimal_modification_of_attested_syllable,lột,no exact match in corpus/candidate/final-real-word files,none_detected_by_heuristic,needs_manual_review,single-syllable nonword generated by minimal modification of real syllable
đặm,1,medium,v3_minimal_modification_of_attested_syllable,đậm,no exact match in corpus/candidate/final-real-word files,none_detected_by_heuristic,needs_manual_review,single-syllable nonword generated by minimal modification of real syllable
lém,1,high,v3_minimal_modification_of_attested_syllable,lầm,no exact match in corpus/candidate/final-real-word files,none_detected_by_heuristic,needs_manual_review,single-syllable nonword generated by minimal modification of real syllable
cỏm,1,high,v3_minimal_modification_of_attested_syllable,cảm,no exact match in corpus/candidate/final-real-word files,none_detected_by_heuristic,needs_manual_review,single-syllable nonword generated by minimal modification of real syllable
sận,1,medium,v3_minimal_modification_of_attested_syllable,sạn,no exact match in corpus/candidate/final-real-word files,none_detected_by_heuristic,needs_manual_review,single-syllable nonword generated by minimal modification of real syllable
hơng,1,high,v3_minimal_modification_of_attested_syllable,hãng,no exact match in corpus/candidate/final-real-word files,none_detected_by_heuristic,needs_manual_review,single-syllable nonword generated by minimal modification of real syllable
théng,1,high,v3_minimal_modification_of_attested_syllable,thắng,no exact match in corpus/candidate/final-real-word files,none_detected_by_heuristic,needs_manual_review,single-syllable nonword generated by minimal modification of real syllable
hẻn,1,medium,v3_minimal_modification_of_attested_syllable,hẹn,no exact match in corpus/candidate/final-real-word files,none_detected_by_heuristic,needs_manual_review,single-syllable nonword generated by minimal modification of real syllable
chớn,1,high,v3_minimal_modification_of_attested_syllable,chân,no exact match in corpus/candidate/final-real-word files,none_detected_by_heuristic,needs_manual_review,single-syllable nonword generated by minimal modification of real syllable
xếm,1,high,v3_minimal_modification_of_attested_syllable,xếp,no exact match in corpus/candidate/final-real-word files,none_detected_by_heuristic,needs_manual_review,single-syllable nonword generated by minimal modification of real syllable
vùc,1,medium,v3_minimal_modification_of_attested_syllable,vùng,no exact match in corpus/candidate/final-real-word files,none_detected_by_heuristic,needs_manual_review,single-syllable nonword generated by minimal modification of real syllable
tỏn,1,high,v3_minimal_modification_of_attested_syllable,tân,no exact match in corpus/candidate/final-real-word files,none_detected_by_heuristic,needs_manual_review,single-syllable nonword generated by minimal modification of real syllable
lậng,1,medium,v3_minimal_modification_of_attested_syllable,lãng,no exact match in corpus/candidate/final-real-word files,none_detected_by_heuristic,needs_manual_review,single-syllable nonword generated by minimal modification of real syllable
cụng,1,medium,v3_minimal_modification_of_attested_syllable,cùng,no exact match in corpus/candidate/final-real-word files,none_detected_by_heuristic,needs_manual_review,single-syllable nonword generated by minimal modification of real syllable
chấ,1,high,v3_minimal_modification_of_attested_syllable,chợ,no exact match in corpus/candidate/final-real-word files,none_detected_by_heuristic,needs_manual_review,single-syllable nonword generated by minimal modification of real syllable
đứp,1,high,v3_minimal_modification_of_attested_syllable,đức,no exact match in corpus/candidate/final-real-word files,none_detected_by_heuristic,needs_manual_review,single-syllable nonword generated by minimal modification of real syllable
lưc,1,high,v3_minimal_modification_of_attested_syllable,lóc,no exact match in corpus/candidate/final-real-word files,none_detected_by_heuristic,needs_manual_review,single-syllable nonword generated by minimal modification of real syllable
dẫp,1,high,v3_minimal_modification_of_attested_syllable,dẫn,no exact match in corpus/candidate/final-real-word files,none_detected_by_heuristic,needs_manual_review,single-syllable nonword generated by minimal modification of real syllable
kỷch,1,high,v3_minimal_modification_of_attested_syllable,kích,no exact match in corpus/candidate/final-real-word files,none_detected_by_heuristic,needs_manual_review,single-syllable nonword generated by minimal modification of real syllable
dón,1,high,v3_minimal_modification_of_attested_syllable,dân,no exact match in corpus/candidate/final-real-word files,none_detected_by_heuristic,needs_manual_review,single-syllable nonword generated by minimal modification of real syllable
trát,1,medium,v3_minimal_modification_of_attested_syllable,tráng,no exact match in corpus/candidate/final-real-word files,none_detected_by_heuristic,needs_manual_review,single-syllable nonword generated by minimal modification of real syllable
nhê,1,high,v3_minimal_modification_of_attested_syllable,nhị,no exact match in corpus/candidate/final-real-word files,none_detected_by_heuristic,needs_manual_review,single-syllable nonword generated by minimal modification of real syllable
tăt,1,medium,v3_minimal_modification_of_attested_syllable,tăng,no exact match in corpus/candidate/final-real-word files,none_detected_by_heuristic,needs_manual_review,single-syllable nonword generated by minimal modification of real syllable
bặc,1,medium,v3_minimal_modification_of_attested_syllable,bắc,no exact match in corpus/candidate/final-real-word files,none_detected_by_heuristic,needs_manual_review,single-syllable nonword generated by minimal modification of real syllable
bợn,1,medium,v3_minimal_modification_of_attested_syllable,bồn,no exact match in corpus/candidate/final-real-word files,none_detected_by_heuristic,needs_manual_review,single-syllable nonword generated by minimal modification of real syllable
xụng,1,medium,v3_minimal_modification_of_attested_syllable,xứng,no exact match in corpus/candidate/final-real-word files,none_detected_by_heuristic,needs_manual_review,single-syllable nonword generated by minimal modification of real syllable
sác,1,medium,v3_minimal_modification_of_attested_syllable,sắc,no exact match in corpus/candidate/final-real-word files,none_detected_by_heuristic,needs_manual_review,single-syllable nonword generated by minimal modification of real syllable
thặt,1,medium,v3_minimal_modification_of_attested_syllable,thật,no exact match in corpus/candidate/final-real-word files,none_detected_by_heuristic,needs_manual_review,single-syllable nonword generated by minimal modification of real syllable
mẻng,1,high,v3_minimal_modification_of_attested_syllable,mảng,no exact match in corpus/candidate/final-real-word files,none_detected_by_heuristic,needs_manual_review,single-syllable nonword generated by minimal modification of real syllable
dếch,1,high,v3_minimal_modification_of_attested_syllable,dịch,no exact match in corpus/candidate/final-real-word files,none_detected_by_heuristic,needs_manual_review,single-syllable nonword generated by minimal modification of real syllable
sém,1,high,v3_minimal_modification_of_attested_syllable,sắm,no exact match in corpus/candidate/final-real-word files,none_detected_by_heuristic,needs_manual_review,single-syllable nonword generated by minimal modification of real syllable
bứm,1,high,v3_minimal_modification_of_attested_syllable,bức,no exact match in corpus/candidate/final-real-word files,none_detected_by_heuristic,needs_manual_review,single-syllable nonword generated by minimal modification of real syllable
sẻn,1,high,v3_minimal_modification_of_attested_syllable,sản,no exact match in corpus/candidate/final-real-word files,none_detected_by_heuristic,needs_manual_review,single-syllable nonword generated by minimal modification of real syllable
tởc,1,high,v3_minimal_modification_of_attested_syllable,tục,no exact match in corpus/candidate/final-real-word files,none_detected_by_heuristic,needs_manual_review,single-syllable nonword generated by minimal modification of real syllable
sàc,1,medium,v3_minimal_modification_of_attested_syllable,sàng,no exact match in corpus/candidate/final-real-word files,none_detected_by_heuristic,needs_manual_review,single-syllable nonword generated by minimal modification of real syllable
trỉ,1,medium,v3_minimal_modification_of_attested_syllable,trí,no exact match in corpus/candidate/final-real-word files,none_detected_by_heuristic,needs_manual_review,single-syllable nonword generated by minimal modification of real syllable
chấc,1,high,v3_minimal_modification_of_attested_syllable,chấm,no exact match in corpus/candidate/final-real-word files,none_detected_by_heuristic,needs_manual_review,single-syllable nonword generated by minimal modification of real syllable
trỏn,1,medium,v3_minimal_modification_of_attested_syllable,trộn,no exact match in corpus/candidate/final-real-word files,none_detected_by_heuristic,needs_manual_review,single-syllable nonword generated by minimal modification of real syllable
trớng,1,high,v3_minimal_modification_of_attested_syllable,trứng,no exact match in corpus/candidate/final-real-word files,none_detected_by_heuristic,needs_manual_review,single-syllable nonword generated by minimal modification of real syllable
tớch,1,high,v3_minimal_modification_of_attested_syllable,tách,no exact match in corpus/candidate/final-real-word files,none_detected_by_heuristic,needs_manual_review,single-syllable nonword generated by minimal modification of real syllable
ởng,1,high,v3_minimal_modification_of_attested_syllable,ứng,no exact match in corpus/candidate/final-real-word files,none_detected_by_heuristic,needs_manual_review,single-syllable nonword generated by minimal modification of real syllable
sọng,1,medium,v3_minimal_modification_of_attested_syllable,sông,no exact match in corpus/candidate/final-real-word files,none_detected_by_heuristic,needs_manual_review,single-syllable nonword generated by minimal modification of real syllable
chấng,1,high,v3_minimal_modification_of_attested_syllable,chóng,no exact match in corpus/candidate/final-real-word files,none_detected_by_heuristic,needs_manual_review,single-syllable nonword generated by minimal modification of real syllable
sởng,1,medium,v3_minimal_modification_of_attested_syllable,sống,no exact match in corpus/candidate/final-real-word files,none_detected_by_heuristic,needs_manual_review,single-syllable nonword generated by minimal modification of real syllable
mậc,1,medium,v3_minimal_modification_of_attested_syllable,mắc,no exact match in corpus/candidate/final-real-word files,none_detected_by_heuristic,needs_manual_review,single-syllable nonword generated by minimal modification of real syllable
đặnh,1,medium,v3_minimal_modification_of_attested_syllable,đành,no exact match in corpus/candidate/final-real-word files,none_detected_by_heuristic,needs_manual_review,single-syllable nonword generated by minimal modification of real syllable
họa bầu,2,high,v3_recombined_attested_vietnamese_syllables,họa | bầu,no exact match in corpus/candidate/final-real-word files,none_detected_by_heuristic,needs_manual_review,real Vietnamese syllables recombined into unattested sequence
tắc quấn,2,high,v3_recombined_attested_vietnamese_syllables,tắc | quấn,no exact match in corpus/candidate/final-real-word files,none_detected_by_heuristic,needs_manual_review,real Vietnamese syllables recombined into unattested sequence
dưa thiếu,2,high,v3_recombined_attested_vietnamese_syllables,dưa | thiếu,no exact match in corpus/candidate/final-real-word files,none_detected_by_heuristic,needs_manual_review,real Vietnamese syllables recombined into unattested sequence
huế dẻo,2,high,v3_recombined_attested_vietnamese_syllables,huế | dẻo,no exact match in corpus/candidate/final-real-word files,none_detected_by_heuristic,needs_manual_review,real Vietnamese syllables recombined into unattested sequence
lột nhồi,2,high,v3_recombined_attested_vietnamese_syllables,lột | nhồi,no exact match in corpus/candidate/final-real-word files,none_detected_by_heuristic,needs_manual_review,real Vietnamese syllables recombined into unattested sequence
phê đắng,2,high,v3_recombined_attested_vietnamese_syllables,phê | đắng,no exact match in corpus/candidate/final-real-word files,none_detected_by_heuristic,needs_manual_review,real Vietnamese syllables recombined into unattested sequence
hột xuyên,2,high,v3_recombined_attested_vietnamese_syllables,hột | xuyên,no exact match in corpus/candidate/final-real-word files,none_detected_by_heuristic,needs_manual_review,real Vietnamese syllables recombined into unattested sequence
dẻo đạo,2,high,v3_recombined_attested_vietnamese_syllables,dẻo | đạo,no exact match in corpus/candidate/final-real-word files,none_detected_by_heuristic,needs_manual_review,real Vietnamese syllables recombined into unattested sequence
đuổi bằm,2,high,v3_recombined_attested_vietnamese_syllables,đuổi | bằm,no exact match in corpus/candidate/final-real-word files,none_detected_by_heuristic,needs_manual_review,real Vietnamese syllables recombined into unattested sequence
kèm sóc,2,high,v3_recombined_attested_vietnamese_syllables,kèm | sóc,no exact match in corpus/candidate/final-real-word files,none_detected_by_heuristic,needs_manual_review,real Vietnamese syllables recombined into unattested sequence
vĩnh mến,2,high,v3_recombined_attested_vietnamese_syllables,vĩnh | mến,no exact match in corpus/candidate/final-real-word files,none_detected_by_heuristic,needs_manual_review,real Vietnamese syllables recombined into unattested sequence
đam trừ,2,high,v3_recombined_attested_vietnamese_syllables,đam | trừ,no exact match in corpus/candidate/final-real-word files,none_detected_by_heuristic,needs_manual_review,real Vietnamese syllables recombined into unattested sequence
mắng thuận,2,high,v3_recombined_attested_vietnamese_syllables,mắng | thuận,no exact match in corpus/candidate/final-real-word files,none_detected_by_heuristic,needs_manual_review,real Vietnamese syllables recombined into unattested sequence
điên chương,2,high,v3_recombined_attested_vietnamese_syllables,điên | chương,no exact match in corpus/candidate/final-real-word files,none_detected_by_heuristic,needs_manual_review,real Vietnamese syllables recombined into unattested sequence
nằm chăn,2,high,v3_recombined_attested_vietnamese_syllables,nằm | chăn,no exact match in corpus/candidate/final-real-word files,none_detected_by_heuristic,needs_manual_review,real Vietnamese syllables recombined into unattested sequence
váy nghèo,2,high,v3_recombined_attested_vietnamese_syllables,váy | nghèo,no exact match in corpus/candidate/final-real-word files,none_detected_by_heuristic,needs_manual_review,real Vietnamese syllables recombined into unattested sequence
ngợi lăng,2,high,v3_recombined_attested_vietnamese_syllables,ngợi | lăng,no exact match in corpus/candidate/final-real-word files,none_detected_by_heuristic,needs_manual_review,real Vietnamese syllables recombined into unattested sequence
ngói giật,2,high,v3_recombined_attested_vietnamese_syllables,ngói | giật,no exact match in corpus/candidate/final-real-word files,none_detected_by_heuristic,needs_manual_review,real Vietnamese syllables recombined into unattested sequence
dựa miệng,2,high,v3_recombined_attested_vietnamese_syllables,dựa | miệng,no exact match in corpus/candidate/final-real-word files,none_detected_by_heuristic,needs_manual_review,real Vietnamese syllables recombined into unattested sequence
tần thuận,2,high,v3_recombined_attested_vietnamese_syllables,tần | thuận,no exact match in corpus/candidate/final-real-word files,none_detected_by_heuristic,needs_manual_review,real Vietnamese syllables recombined into unattested sequence
nhé tồn,2,high,v3_recombined_attested_vietnamese_syllables,nhé | tồn,no exact match in corpus/candidate/final-real-word files,none_detected_by_heuristic,needs_manual_review,real Vietnamese syllables recombined into unattested sequence
nêm chênh,2,high,v3_recombined_attested_vietnamese_syllables,nêm | chênh,no exact match in corpus/candidate/final-real-word files,none_detected_by_heuristic,needs_manual_review,real Vietnamese syllables recombined into unattested sequence
đất tường,2,high,v3_recombined_attested_vietnamese_syllables,đất | tường,no exact match in corpus/candidate/final-real-word files,none_detected_by_heuristic,needs_manual_review,real Vietnamese syllables recombined into unattested sequence
kiện lịch,2,high,v3_recombined_attested_vietnamese_syllables,kiện | lịch,no exact match in corpus/candidate/final-real-word files,none_detected_by_heuristic,needs_manual_review,real Vietnamese syllables recombined into unattested sequence
phá làn,2,high,v3_recombined_attested_vietnamese_syllables,phá | làn,no exact match in corpus/candidate/final-real-word files,none_detected_by_heuristic,needs_manual_review,real Vietnamese syllables recombined into unattested sequence
nấm thảm,2,high,v3_recombined_attested_vietnamese_syllables,nấm | thảm,no exact match in corpus/candidate/final-real-word files,none_detected_by_heuristic,needs_manual_review,real Vietnamese syllables recombined into unattested sequence
kích nhằm,2,high,v3_recombined_attested_vietnamese_syllables,kích | nhằm,no exact match in corpus/candidate/final-real-word files,none_detected_by_heuristic,needs_manual_review,real Vietnamese syllables recombined into unattested sequence
xấu nắp,2,high,v3_recombined_attested_vietnamese_syllables,xấu | nắp,no exact match in corpus/candidate/final-real-word files,none_detected_by_heuristic,needs_manual_review,real Vietnamese syllables recombined into unattested sequence
chống múi,2,high,v3_recombined_attested_vietnamese_syllables,chống | múi,no exact match in corpus/candidate/final-real-word files,none_detected_by_heuristic,needs_manual_review,real Vietnamese syllables recombined into unattested sequence
lấp tầm,2,high,v3_recombined_attested_vietnamese_syllables,lấp | tầm,no exact match in corpus/candidate/final-real-word files,none_detected_by_heuristic,needs_manual_review,real Vietnamese syllables recombined into unattested sequence
đoan cốc,2,high,v3_recombined_attested_vietnamese_syllables,đoan | cốc,no exact match in corpus/candidate/final-real-word files,none_detected_by_heuristic,needs_manual_review,real Vietnamese syllables recombined into unattested sequence
phía cáo,2,high,v3_recombined_attested_vietnamese_syllables,phía | cáo,no exact match in corpus/candidate/final-real-word files,none_detected_by_heuristic,needs_manual_review,real Vietnamese syllables recombined into unattested sequence
lệch hãng,2,high,v3_recombined_attested_vietnamese_syllables,lệch | hãng,no exact match in corpus/candidate/final-real-word files,none_detected_by_heuristic,needs_manual_review,real Vietnamese syllables recombined into unattested sequence
bún dằn,2,high,v3_recombined_attested_vietnamese_syllables,bún | dằn,no exact match in corpus/candidate/final-real-word files,none_detected_by_heuristic,needs_manual_review,real Vietnamese syllables recombined into unattested sequence
chắn hãi,2,high,v3_recombined_attested_vietnamese_syllables,chắn | hãi,no exact match in corpus/candidate/final-real-word files,none_detected_by_heuristic,needs_manual_review,real Vietnamese syllables recombined into unattested sequence
xóa nhạt,2,high,v3_recombined_attested_vietnamese_syllables,xóa | nhạt,no exact match in corpus/candidate/final-real-word files,none_detected_by_heuristic,needs_manual_review,real Vietnamese syllables recombined into unattested sequence
buông lực,2,high,v3_recombined_attested_vietnamese_syllables,buông | lực,no exact match in corpus/candidate/final-real-word files,none_detected_by_heuristic,needs_manual_review,real Vietnamese syllables recombined into unattested sequence
trọn thẳng,2,high,v3_recombined_attested_vietnamese_syllables,trọn | thẳng,no exact match in corpus/candidate/final-real-word files,none_detected_by_heuristic,needs_manual_review,real Vietnamese syllables recombined into unattested sequence
xúc hữu,2,high,v3_recombined_attested_vietnamese_syllables,xúc | hữu,no exact match in corpus/candidate/final-real-word files,none_detected_by_heuristic,needs_manual_review,real Vietnamese syllables recombined into unattested sequence
trúc vân,2,high,v3_recombined_attested_vietnamese_syllables,trúc | vân,no exact match in corpus/candidate/final-real-word files,none_detected_by_heuristic,needs_manual_review,real Vietnamese syllables recombined into unattested sequence
trả băng,2,high,v3_recombined_attested_vietnamese_syllables,trả | băng,no exact match in corpus/candidate/final-real-word files,none_detected_by_heuristic,needs_manual_review,real Vietnamese syllables recombined into unattested sequence
mũi châu,2,high,v3_recombined_attested_vietnamese_syllables,mũi | châu,no exact match in corpus/candidate/final-real-word files,none_detected_by_heuristic,needs_manual_review,real Vietnamese syllables recombined into unattested sequence
diễn nặng,2,high,v3_recombined_attested_vietnamese_syllables,diễn | nặng,no exact match in corpus/candidate/final-real-word files,none_detected_by_heuristic,needs_manual_review,real Vietnamese syllables recombined into unattested sequence
thổ móng,2,high,v3_recombined_attested_vietnamese_syllables,thổ | móng,no exact match in corpus/candidate/final-real-word files,none_detected_by_heuristic,needs_manual_review,real Vietnamese syllables recombined into unattested sequence
cán ếch,2,high,v3_recombined_attested_vietnamese_syllables,cán | ếch,no exact match in corpus/candidate/final-real-word files,none_detected_by_heuristic,needs_manual_review,real Vietnamese syllables recombined into unattested sequence
tỉnh bút,2,high,v3_recombined_attested_vietnamese_syllables,tỉnh | bút,no exact match in corpus/candidate/final-real-word files,none_detected_by_heuristic,needs_manual_review,real Vietnamese syllables recombined into unattested sequence
tết đậy,2,high,v3_recombined_attested_vietnamese_syllables,tết | đậy,no exact match in corpus/candidate/final-real-word files,none_detected_by_heuristic,needs_manual_review,real Vietnamese syllables recombined into unattested sequence
sành xúp,2,high,v3_recombined_attested_vietnamese_syllables,sành | xúp,no exact match in corpus/candidate/final-real-word files,none_detected_by_heuristic,needs_manual_review,real Vietnamese syllables recombined into unattested sequence
thấu bền,2,high,v3_recombined_attested_vietnamese_syllables,thấu | bền,no exact match in corpus/candidate/final-real-word files,none_detected_by_heuristic,needs_manual_review,real Vietnamese syllables recombined into unattested sequence
lột xài,2,high,v3_recombined_attested_vietnamese_syllables,lột | xài,no exact match in corpus/candidate/final-real-word files,none_detected_by_heuristic,needs_manual_review,real Vietnamese syllables recombined into unattested sequence
đứng nuôi,2,high,v3_recombined_attested_vietnamese_syllables,đứng | nuôi,no exact match in corpus/candidate/final-real-word files,none_detected_by_heuristic,needs_manual_review,real Vietnamese syllables recombined into unattested sequence
kiểm ngôn,2,high,v3_recombined_attested_vietnamese_syllables,kiểm | ngôn,no exact match in corpus/candidate/final-real-word files,none_detected_by_heuristic,needs_manual_review,real Vietnamese syllables recombined into unattested sequence
chức vây,2,high,v3_recombined_attested_vietnamese_syllables,chức | vây,no exact match in corpus/candidate/final-real-word files,none_detected_by_heuristic,needs_manual_review,real Vietnamese syllables recombined into unattested sequence
ngạc gòn,2,high,v3_recombined_attested_vietnamese_syllables,ngạc | gòn,no exact match in corpus/candidate/final-real-word files,none_detected_by_heuristic,needs_manual_review,real Vietnamese syllables recombined into unattested sequence
lót luật,2,high,v3_recombined_attested_vietnamese_syllables,lót | luật,no exact match in corpus/candidate/final-real-word files,none_detected_by_heuristic,needs_manual_review,real Vietnamese syllables recombined into unattested sequence
tươi chuông,2,high,v3_recombined_attested_vietnamese_syllables,tươi | chuông,no exact match in corpus/candidate/final-real-word files,none_detected_by_heuristic,needs_manual_review,real Vietnamese syllables recombined into unattested sequence
xích bớt,2,high,v3_recombined_attested_vietnamese_syllables,xích | bớt,no exact match in corpus/candidate/final-real-word files,none_detected_by_heuristic,needs_manual_review,real Vietnamese syllables recombined into unattested sequence
tuông nguyện,2,high,v3_recombined_attested_vietnamese_syllables,tuông | nguyện,no exact match in corpus/candidate/final-real-word files,none_detected_by_heuristic,needs_manual_review,real Vietnamese syllables recombined into unattested sequence
tộc thống,2,high,v3_recombined_attested_vietnamese_syllables,tộc | thống,no exact match in corpus/candidate/final-real-word files,none_detected_by_heuristic,needs_manual_review,real Vietnamese syllables recombined into unattested sequence
tuấn ngả,2,high,v3_recombined_attested_vietnamese_syllables,tuấn | ngả,no exact match in corpus/candidate/final-real-word files,none_detected_by_heuristic,needs_manual_review,real Vietnamese syllables recombined into unattested sequence
phú níu,2,high,v3_recombined_attested_vietnamese_syllables,phú | níu,no exact match in corpus/candidate/final-real-word files,none_detected_by_heuristic,needs_manual_review,real Vietnamese syllables recombined into unattested sequence
cực cắm,2,high,v3_recombined_attested_vietnamese_syllables,cực | cắm,no exact match in corpus/candidate/final-real-word files,none_detected_by_heuristic,needs_manual_review,real Vietnamese syllables recombined into unattested sequence
kiếm chăng,2,high,v3_recombined_attested_vietnamese_syllables,kiếm | chăng,no exact match in corpus/candidate/final-real-word files,none_detected_by_heuristic,needs_manual_review,real Vietnamese syllables recombined into unattested sequence
nấm dạy,2,high,v3_recombined_attested_vietnamese_syllables,nấm | dạy,no exact match in corpus/candidate/final-real-word files,none_detected_by_heuristic,needs_manual_review,real Vietnamese syllables recombined into unattested sequence
chừng chặt,2,high,v3_recombined_attested_vietnamese_syllables,chừng | chặt,no exact match in corpus/candidate/final-real-word files,none_detected_by_heuristic,needs_manual_review,real Vietnamese syllables recombined into unattested sequence
đói chê,2,high,v3_recombined_attested_vietnamese_syllables,đói | chê,no exact match in corpus/candidate/final-real-word files,none_detected_by_heuristic,needs_manual_review,real Vietnamese syllables recombined into unattested sequence
hãng nướng,2,high,v3_recombined_attested_vietnamese_syllables,hãng | nướng,no exact match in corpus/candidate/final-real-word files,none_detected_by_heuristic,needs_manual_review,real Vietnamese syllables recombined into unattested sequence
vượt nghiệp,2,high,v3_recombined_attested_vietnamese_syllables,vượt | nghiệp,no exact match in corpus/candidate/final-real-word files,none_detected_by_heuristic,needs_manual_review,real Vietnamese syllables recombined into unattested sequence
tỉa trục,2,high,v3_recombined_attested_vietnamese_syllables,tỉa | trục,no exact match in corpus/candidate/final-real-word files,none_detected_by_heuristic,needs_manual_review,real Vietnamese syllables recombined into unattested sequence
kéo đuổi,2,high,v3_recombined_attested_vietnamese_syllables,kéo | đuổi,no exact match in corpus/candidate/final-real-word files,none_detected_by_heuristic,needs_manual_review,real Vietnamese syllables recombined into unattested sequence
cân giấu,2,high,v3_recombined_attested_vietnamese_syllables,cân | giấu,no exact match in corpus/candidate/final-real-word files,none_detected_by_heuristic,needs_manual_review,real Vietnamese syllables recombined into unattested sequence
ngộ chạm,2,high,v3_recombined_attested_vietnamese_syllables,ngộ | chạm,no exact match in corpus/candidate/final-real-word files,none_detected_by_heuristic,needs_manual_review,real Vietnamese syllables recombined into unattested sequence
đáp đào,2,high,v3_recombined_attested_vietnamese_syllables,đáp | đào,no exact match in corpus/candidate/final-real-word files,none_detected_by_heuristic,needs_manual_review,real Vietnamese syllables recombined into unattested sequence
thị sấy,2,high,v3_recombined_attested_vietnamese_syllables,thị | sấy,no exact match in corpus/candidate/final-real-word files,none_detected_by_heuristic,needs_manual_review,real Vietnamese syllables recombined into unattested sequence
nồi mãi,2,high,v3_recombined_attested_vietnamese_syllables,nồi | mãi,no exact match in corpus/candidate/final-real-word files,none_detected_by_heuristic,needs_manual_review,real Vietnamese syllables recombined into unattested sequence
giận hoạt,2,high,v3_recombined_attested_vietnamese_syllables,giận | hoạt,no exact match in corpus/candidate/final-real-word files,none_detected_by_heuristic,needs_manual_review,real Vietnamese syllables recombined into unattested sequence
nguyễn thoại,2,high,v3_recombined_attested_vietnamese_syllables,nguyễn | thoại,no exact match in corpus/candidate/final-real-word files,none_detected_by_heuristic,needs_manual_review,real Vietnamese syllables recombined into unattested sequence
thiên hoá,2,high,v3_recombined_attested_vietnamese_syllables,thiên | hoá,no exact match in corpus/candidate/final-real-word files,none_detected_by_heuristic,needs_manual_review,real Vietnamese syllables recombined into unattested sequence
căng nhọn,2,high,v3_recombined_attested_vietnamese_syllables,căng | nhọn,no exact match in corpus/candidate/final-real-word files,none_detected_by_heuristic,needs_manual_review,real Vietnamese syllables recombined into unattested sequence
tuấn ngò,2,high,v3_recombined_attested_vietnamese_syllables,tuấn | ngò,no exact match in corpus/candidate/final-real-word files,none_detected_by_heuristic,needs_manual_review,real Vietnamese syllables recombined into unattested sequence
rộng ngào,2,high,v3_recombined_attested_vietnamese_syllables,rộng | ngào,no exact match in corpus/candidate/final-real-word files,none_detected_by_heuristic,needs_manual_review,real Vietnamese syllables recombined into unattested sequence
cẩn vặt,2,high,v3_recombined_attested_vietnamese_syllables,cẩn | vặt,no exact match in corpus/candidate/final-real-word files,none_detected_by_heuristic,needs_manual_review,real Vietnamese syllables recombined into unattested sequence
bán chúng,2,high,v3_recombined_attested_vietnamese_syllables,bán | chúng,no exact match in corpus/candidate/final-real-word files,none_detected_by_heuristic,needs_manual_review,real Vietnamese syllables recombined into unattested sequence
vắng tháo,2,high,v3_recombined_attested_vietnamese_syllables,vắng | tháo,no exact match in corpus/candidate/final-real-word files,none_detected_by_heuristic,needs_manual_review,real Vietnamese syllables recombined into unattested sequence
bớt cốm,2,high,v3_recombined_attested_vietnamese_syllables,bớt | cốm,no exact match in corpus/candidate/final-real-word files,none_detected_by_heuristic,needs_manual_review,real Vietnamese syllables recombined into unattested sequence
hoài muỗng,2,high,v3_recombined_attested_vietnamese_syllables,hoài | muỗng,no exact match in corpus/candidate/final-real-word files,none_detected_by_heuristic,needs_manual_review,real Vietnamese syllables recombined into unattested sequence
nghèo xôi,2,high,v3_recombined_attested_vietnamese_syllables,nghèo | xôi,no exact match in corpus/candidate/final-real-word files,none_detected_by_heuristic,needs_manual_review,real Vietnamese syllables recombined into unattested sequence
tám hân,2,high,v3_recombined_attested_vietnamese_syllables,tám | hân,no exact match in corpus/candidate/final-real-word files,none_detected_by_heuristic,needs_manual_review,real Vietnamese syllables recombined into unattested sequence
tiện đun,2,high,v3_recombined_attested_vietnamese_syllables,tiện | đun,no exact match in corpus/candidate/final-real-word files,none_detected_by_heuristic,needs_manual_review,real Vietnamese syllables recombined into unattested sequence
lưu thấp,2,high,v3_recombined_attested_vietnamese_syllables,lưu | thấp,no exact match in corpus/candidate/final-real-word files,none_detected_by_heuristic,needs_manual_review,real Vietnamese syllables recombined into unattested sequence
vây chiết,2,high,v3_recombined_attested_vietnamese_syllables,vây | chiết,no exact match in corpus/candidate/final-real-word files,none_detected_by_heuristic,needs_manual_review,real Vietnamese syllables recombined into unattested sequence
cải nguội,2,high,v3_recombined_attested_vietnamese_syllables,cải | nguội,no exact match in corpus/candidate/final-real-word files,none_detected_by_heuristic,needs_manual_review,real Vietnamese syllables recombined into unattested sequence
tẩy phản,2,high,v3_recombined_attested_vietnamese_syllables,tẩy | phản,no exact match in corpus/candidate/final-real-word files,none_detected_by_heuristic,needs_manual_review,real Vietnamese syllables recombined into unattested sequence
nửa hăng,2,high,v3_recombined_attested_vietnamese_syllables,nửa | hăng,no exact match in corpus/candidate/final-real-word files,none_detected_by_heuristic,needs_manual_review,real Vietnamese syllables recombined into unattested sequence
trồng bữa,2,high,v3_recombined_attested_vietnamese_syllables,trồng | bữa,no exact match in corpus/candidate/final-real-word files,none_detected_by_heuristic,needs_manual_review,real Vietnamese syllables recombined into unattested sequence
trà cuối,2,high,v3_recombined_attested_vietnamese_syllables,trà | cuối,no exact match in corpus/candidate/final-real-word files,none_detected_by_heuristic,needs_manual_review,real Vietnamese syllables recombined into unattested sequence
xếp yếm,2,high,v3_recombined_attested_vietnamese_syllables,xếp | yếm,no exact match in corpus/candidate/final-real-word files,none_detected_by_heuristic,needs_manual_review,real Vietnamese syllables recombined into unattested sequence
xúp dâng,2,high,v3_recombined_attested_vietnamese_syllables,xúp | dâng,no exact match in corpus/candidate/final-real-word files,none_detected_by_heuristic,needs_manual_review,real Vietnamese syllables recombined into unattested sequence
chải luyện,2,high,v3_recombined_attested_vietnamese_syllables,chải | luyện,no exact match in corpus/candidate/final-real-word files,none_detected_by_heuristic,needs_manual_review,real Vietnamese syllables recombined into unattested sequence
dáng rộn,2,high,v3_recombined_attested_vietnamese_syllables,dáng | rộn,no exact match in corpus/candidate/final-real-word files,none_detected_by_heuristic,needs_manual_review,real Vietnamese syllables recombined into unattested sequence
phồng vách thằng,3,high,v3_recombined_attested_vietnamese_syllables,phồng | vách | thằng,no exact match in corpus/candidate/final-real-word files,none_detected_by_heuristic,needs_manual_review,real Vietnamese syllables recombined into unattested sequence
lục húng tĩnh,3,high,v3_recombined_attested_vietnamese_syllables,lục | húng | tĩnh,no exact match in corpus/candidate/final-real-word files,none_detected_by_heuristic,needs_manual_review,real Vietnamese syllables recombined into unattested sequence
kẹo trám chuối,3,high,v3_recombined_attested_vietnamese_syllables,kẹo | trám | chuối,no exact match in corpus/candidate/final-real-word files,none_detected_by_heuristic,needs_manual_review,real Vietnamese syllables recombined into unattested sequence
đảm băn thuần,3,high,v3_recombined_attested_vietnamese_syllables,đảm | băn | thuần,no exact match in corpus/candidate/final-real-word files,none_detected_by_heuristic,needs_manual_review,real Vietnamese syllables recombined into unattested sequence
dạn dám đùi,3,high,v3_recombined_attested_vietnamese_syllables,dạn | dám | đùi,no exact match in corpus/candidate/final-real-word files,none_detected_by_heuristic,needs_manual_review,real Vietnamese syllables recombined into unattested sequence
nhịn xiên chờ,3,high,v3_recombined_attested_vietnamese_syllables,nhịn | xiên | chờ,no exact match in corpus/candidate/final-real-word files,none_detected_by_heuristic,needs_manual_review,real Vietnamese syllables recombined into unattested sequence
lặng thượng nỗi,3,high,v3_recombined_attested_vietnamese_syllables,lặng | thượng | nỗi,no exact match in corpus/candidate/final-real-word files,none_detected_by_heuristic,needs_manual_review,real Vietnamese syllables recombined into unattested sequence
đầm tàu lộn,3,high,v3_recombined_attested_vietnamese_syllables,đầm | tàu | lộn,no exact match in corpus/candidate/final-real-word files,none_detected_by_heuristic,needs_manual_review,real Vietnamese syllables recombined into unattested sequence
ngơi lùng lực,3,high,v3_recombined_attested_vietnamese_syllables,ngơi | lùng | lực,no exact match in corpus/candidate/final-real-word files,none_detected_by_heuristic,needs_manual_review,real Vietnamese syllables recombined into unattested sequence
chóng bức tầng,3,high,v3_recombined_attested_vietnamese_syllables,chóng | bức | tầng,no exact match in corpus/candidate/final-real-word files,none_detected_by_heuristic,needs_manual_review,real Vietnamese syllables recombined into unattested sequence
bóc giây tốn,3,high,v3_recombined_attested_vietnamese_syllables,bóc | giây | tốn,no exact match in corpus/candidate/final-real-word files,none_detected_by_heuristic,needs_manual_review,real Vietnamese syllables recombined into unattested sequence
tiên đuổi nhấn,3,high,v3_recombined_attested_vietnamese_syllables,tiên | đuổi | nhấn,no exact match in corpus/candidate/final-real-word files,none_detected_by_heuristic,needs_manual_review,real Vietnamese syllables recombined into unattested sequence
hoạch đúc phóng,3,high,v3_recombined_attested_vietnamese_syllables,hoạch | đúc | phóng,no exact match in corpus/candidate/final-real-word files,none_detected_by_heuristic,needs_manual_review,real Vietnamese syllables recombined into unattested sequence
đập tán thạch,3,high,v3_recombined_attested_vietnamese_syllables,đập | tán | thạch,no exact match in corpus/candidate/final-real-word files,none_detected_by_heuristic,needs_manual_review,real Vietnamese syllables recombined into unattested sequence
dại tùng lượng,3,high,v3_recombined_attested_vietnamese_syllables,dại | tùng | lượng,no exact match in corpus/candidate/final-real-word files,none_detected_by_heuristic,needs_manual_review,real Vietnamese syllables recombined into unattested sequence
xuôi mứt tải,3,high,v3_recombined_attested_vietnamese_syllables,xuôi | mứt | tải,no exact match in corpus/candidate/final-real-word files,none_detected_by_heuristic,needs_manual_review,real Vietnamese syllables recombined into unattested sequence
ủng biên hầu,3,high,v3_recombined_attested_vietnamese_syllables,ủng | biên | hầu,no exact match in corpus/candidate/final-real-word files,none_detected_by_heuristic,needs_manual_review,real Vietnamese syllables recombined into unattested sequence
siêu tổn cốm,3,high,v3_recombined_attested_vietnamese_syllables,siêu | tổn | cốm,no exact match in corpus/candidate/final-real-word files,none_detected_by_heuristic,needs_manual_review,real Vietnamese syllables recombined into unattested sequence
nạn phản tàu,3,high,v3_recombined_attested_vietnamese_syllables,nạn | phản | tàu,no exact match in corpus/candidate/final-real-word files,none_detected_by_heuristic,needs_manual_review,real Vietnamese syllables recombined into unattested sequence
kiều thoát thăng,3,high,v3_recombined_attested_vietnamese_syllables,kiều | thoát | thăng,no exact match in corpus/candidate/final-real-word files,none_detected_by_heuristic,needs_manual_review,real Vietnamese syllables recombined into unattested sequence
sẵn nhiệt phận,3,high,v3_recombined_attested_vietnamese_syllables,sẵn | nhiệt | phận,no exact match in corpus/candidate/final-real-word files,none_detected_by_heuristic,needs_manual_review,real Vietnamese syllables recombined into unattested sequence
rộn chuột dàng,3,high,v3_recombined_attested_vietnamese_syllables,rộn | chuột | dàng,no exact match in corpus/candidate/final-real-word files,none_detected_by_heuristic,needs_manual_review,real Vietnamese syllables recombined into unattested sequence
vùng thập đạo,3,high,v3_recombined_attested_vietnamese_syllables,vùng | thập | đạo,no exact match in corpus/candidate/final-real-word files,none_detected_by_heuristic,needs_manual_review,real Vietnamese syllables recombined into unattested sequence
lẫn kiểm ngần,3,high,v3_recombined_attested_vietnamese_syllables,lẫn | kiểm | ngần,no exact match in corpus/candidate/final-real-word files,none_detected_by_heuristic,needs_manual_review,real Vietnamese syllables recombined into unattested sequence
chênh chéo tân,3,high,v3_recombined_attested_vietnamese_syllables,chênh | chéo | tân,no exact match in corpus/candidate/final-real-word files,none_detected_by_heuristic,needs_manual_review,real Vietnamese syllables recombined into unattested sequence
tím mực muộn,3,high,v3_recombined_attested_vietnamese_syllables,tím | mực | muộn,no exact match in corpus/candidate/final-real-word files,none_detected_by_heuristic,needs_manual_review,real Vietnamese syllables recombined into unattested sequence
vươn ngả chậm,3,high,v3_recombined_attested_vietnamese_syllables,vươn | ngả | chậm,no exact match in corpus/candidate/final-real-word files,none_detected_by_heuristic,needs_manual_review,real Vietnamese syllables recombined into unattested sequence
sốt thừa giết,3,high,v3_recombined_attested_vietnamese_syllables,sốt | thừa | giết,no exact match in corpus/candidate/final-real-word files,none_detected_by_heuristic,needs_manual_review,real Vietnamese syllables recombined into unattested sequence
tấm đoạn sôi,3,high,v3_recombined_attested_vietnamese_syllables,tấm | đoạn | sôi,no exact match in corpus/candidate/final-real-word files,none_detected_by_heuristic,needs_manual_review,real Vietnamese syllables recombined into unattested sequence
dân dẹp rác,3,high,v3_recombined_attested_vietnamese_syllables,dân | dẹp | rác,no exact match in corpus/candidate/final-real-word files,none_detected_by_heuristic,needs_manual_review,real Vietnamese syllables recombined into unattested sequence
trọn sóng vây,3,high,v3_recombined_attested_vietnamese_syllables,trọn | sóng | vây,no exact match in corpus/candidate/final-real-word files,none_detected_by_heuristic,needs_manual_review,real Vietnamese syllables recombined into unattested sequence
gọng phiền thà,3,high,v3_recombined_attested_vietnamese_syllables,gọng | phiền | thà,no exact match in corpus/candidate/final-real-word files,none_detected_by_heuristic,needs_manual_review,real Vietnamese syllables recombined into unattested sequence
đắm rực kiệu,3,high,v3_recombined_attested_vietnamese_syllables,đắm | rực | kiệu,no exact match in corpus/candidate/final-real-word files,none_detected_by_heuristic,needs_manual_review,real Vietnamese syllables recombined into unattested sequence
vươn nêm bồn,3,high,v3_recombined_attested_vietnamese_syllables,vươn | nêm | bồn,no exact match in corpus/candidate/final-real-word files,none_detected_by_heuristic,needs_manual_review,real Vietnamese syllables recombined into unattested sequence
dựng sớm vườn,3,high,v3_recombined_attested_vietnamese_syllables,dựng | sớm | vườn,no exact match in corpus/candidate/final-real-word files,none_detected_by_heuristic,needs_manual_review,real Vietnamese syllables recombined into unattested sequence
trình huệ ngả,3,high,v3_recombined_attested_vietnamese_syllables,trình | huệ | ngả,no exact match in corpus/candidate/final-real-word files,none_detected_by_heuristic,needs_manual_review,real Vietnamese syllables recombined into unattested sequence
thuỷ mẫu trôi,3,high,v3_recombined_attested_vietnamese_syllables,thuỷ | mẫu | trôi,no exact match in corpus/candidate/final-real-word files,none_detected_by_heuristic,needs_manual_review,real Vietnamese syllables recombined into unattested sequence
nảy quáng thận,3,high,v3_recombined_attested_vietnamese_syllables,nảy | quáng | thận,no exact match in corpus/candidate/final-real-word files,none_detected_by_heuristic,needs_manual_review,real Vietnamese syllables recombined into unattested sequence
trà trám lóc,3,high,v3_recombined_attested_vietnamese_syllables,trà | trám | lóc,no exact match in corpus/candidate/final-real-word files,none_detected_by_heuristic,needs_manual_review,real Vietnamese syllables recombined into unattested sequence
nghiệm hến bỗng,3,high,v3_recombined_attested_vietnamese_syllables,nghiệm | hến | bỗng,no exact match in corpus/candidate/final-real-word files,none_detected_by_heuristic,needs_manual_review,real Vietnamese syllables recombined into unattested sequence
tiệm trồng căng,3,high,v3_recombined_attested_vietnamese_syllables,tiệm | trồng | căng,no exact match in corpus/candidate/final-real-word files,none_detected_by_heuristic,needs_manual_review,real Vietnamese syllables recombined into unattested sequence
cột tích liên,3,high,v3_recombined_attested_vietnamese_syllables,cột | tích | liên,no exact match in corpus/candidate/final-real-word files,none_detected_by_heuristic,needs_manual_review,real Vietnamese syllables recombined into unattested sequence
hỗn bức sạn,3,high,v3_recombined_attested_vietnamese_syllables,hỗn | bức | sạn,no exact match in corpus/candidate/final-real-word files,none_detected_by_heuristic,needs_manual_review,real Vietnamese syllables recombined into unattested sequence
hưởng đuôi tiên,3,high,v3_recombined_attested_vietnamese_syllables,hưởng | đuôi | tiên,no exact match in corpus/candidate/final-real-word files,none_detected_by_heuristic,needs_manual_review,real Vietnamese syllables recombined into unattested sequence
châm hiểm mày,3,high,v3_recombined_attested_vietnamese_syllables,châm | hiểm | mày,no exact match in corpus/candidate/final-real-word files,none_detected_by_heuristic,needs_manual_review,real Vietnamese syllables recombined into unattested sequence
xài chỗ ngại,3,high,v3_recombined_attested_vietnamese_syllables,xài | chỗ | ngại,no exact match in corpus/candidate/final-real-word files,none_detected_by_heuristic,needs_manual_review,real Vietnamese syllables recombined into unattested sequence
ràng mặn thử,3,high,v3_recombined_attested_vietnamese_syllables,ràng | mặn | thử,no exact match in corpus/candidate/final-real-word files,none_detected_by_heuristic,needs_manual_review,real Vietnamese syllables recombined into unattested sequence
dũng chụp hứa,3,high,v3_recombined_attested_vietnamese_syllables,dũng | chụp | hứa,no exact match in corpus/candidate/final-real-word files,none_detected_by_heuristic,needs_manual_review,real Vietnamese syllables recombined into unattested sequence
trùng giã dấu,3,high,v3_recombined_attested_vietnamese_syllables,trùng | giã | dấu,no exact match in corpus/candidate/final-real-word files,none_detected_by_heuristic,needs_manual_review,real Vietnamese syllables recombined into unattested sequence
sốt xóa đoan,3,high,v3_recombined_attested_vietnamese_syllables,sốt | xóa | đoan,no exact match in corpus/candidate/final-real-word files,none_detected_by_heuristic,needs_manual_review,real Vietnamese syllables recombined into unattested sequence
xúc chuột tùng,3,high,v3_recombined_attested_vietnamese_syllables,xúc | chuột | tùng,no exact match in corpus/candidate/final-real-word files,none_detected_by_heuristic,needs_manual_review,real Vietnamese syllables recombined into unattested sequence
nhắc kịp mạc,3,high,v3_recombined_attested_vietnamese_syllables,nhắc | kịp | mạc,no exact match in corpus/candidate/final-real-word files,none_detected_by_heuristic,needs_manual_review,real Vietnamese syllables recombined into unattested sequence
hái nghêu mắn,3,high,v3_recombined_attested_vietnamese_syllables,hái | nghêu | mắn,no exact match in corpus/candidate/final-real-word files,none_detected_by_heuristic,needs_manual_review,real Vietnamese syllables recombined into unattested sequence
rực bật phối,3,high,v3_recombined_attested_vietnamese_syllables,rực | bật | phối,no exact match in corpus/candidate/final-real-word files,none_detected_by_heuristic,needs_manual_review,real Vietnamese syllables recombined into unattested sequence
kèo triển đuối,3,high,v3_recombined_attested_vietnamese_syllables,kèo | triển | đuối,no exact match in corpus/candidate/final-real-word files,none_detected_by_heuristic,needs_manual_review,real Vietnamese syllables recombined into unattested sequence
thụ râu nêu,3,high,v3_recombined_attested_vietnamese_syllables,thụ | râu | nêu,no exact match in corpus/candidate/final-real-word files,none_detected_by_heuristic,needs_manual_review,real Vietnamese syllables recombined into unattested sequence
huệ chẻ vất,3,high,v3_recombined_attested_vietnamese_syllables,huệ | chẻ | vất,no exact match in corpus/candidate/final-real-word files,none_detected_by_heuristic,needs_manual_review,real Vietnamese syllables recombined into unattested sequence
vườn chiếu giấc,3,high,v3_recombined_attested_vietnamese_syllables,vườn | chiếu | giấc,no exact match in corpus/candidate/final-real-word files,none_detected_by_heuristic,needs_manual_review,real Vietnamese syllables recombined into unattested sequence
tràn chiều mừng,3,high,v3_recombined_attested_vietnamese_syllables,tràn | chiều | mừng,no exact match in corpus/candidate/final-real-word files,none_detected_by_heuristic,needs_manual_review,real Vietnamese syllables recombined into unattested sequence
nghĩnh mầu biện,3,high,v3_recombined_attested_vietnamese_syllables,nghĩnh | mầu | biện,no exact match in corpus/candidate/final-real-word files,none_detected_by_heuristic,needs_manual_review,real Vietnamese syllables recombined into unattested sequence
mép dừa ráp,3,high,v3_recombined_attested_vietnamese_syllables,mép | dừa | ráp,no exact match in corpus/candidate/final-real-word files,none_detected_by_heuristic,needs_manual_review,real Vietnamese syllables recombined into unattested sequence
chúng xôi vuốt,3,high,v3_recombined_attested_vietnamese_syllables,chúng | xôi | vuốt,no exact match in corpus/candidate/final-real-word files,none_detected_by_heuristic,needs_manual_review,real Vietnamese syllables recombined into unattested sequence
dáng đao toán,3,high,v3_recombined_attested_vietnamese_syllables,dáng | đao | toán,no exact match in corpus/candidate/final-real-word files,none_detected_by_heuristic,needs_manual_review,real Vietnamese syllables recombined into unattested sequence
tỏa ngấm dịch,3,high,v3_recombined_attested_vietnamese_syllables,tỏa | ngấm | dịch,no exact match in corpus/candidate/final-real-word files,none_detected_by_heuristic,needs_manual_review,real Vietnamese syllables recombined into unattested sequence
lẩu gạt căng,3,high,v3_recombined_attested_vietnamese_syllables,lẩu | gạt | căng,no exact match in corpus/candidate/final-real-word files,none_detected_by_heuristic,needs_manual_review,real Vietnamese syllables recombined into unattested sequence
lót quạt cán,3,high,v3_recombined_attested_vietnamese_syllables,lót | quạt | cán,no exact match in corpus/candidate/final-real-word files,none_detected_by_heuristic,needs_manual_review,real Vietnamese syllables recombined into unattested sequence
bảy chát chuông,3,high,v3_recombined_attested_vietnamese_syllables,bảy | chát | chuông,no exact match in corpus/candidate/final-real-word files,none_detected_by_heuristic,needs_manual_review,real Vietnamese syllables recombined into unattested sequence
cốm gắp huế,3,high,v3_recombined_attested_vietnamese_syllables,cốm | gắp | huế,no exact match in corpus/candidate/final-real-word files,none_detected_by_heuristic,needs_manual_review,real Vietnamese syllables recombined into unattested sequence
gầm điển kẹo,3,high,v3_recombined_attested_vietnamese_syllables,gầm | điển | kẹo,no exact match in corpus/candidate/final-real-word files,none_detected_by_heuristic,needs_manual_review,real Vietnamese syllables recombined into unattested sequence
hầu đắp ủng,3,high,v3_recombined_attested_vietnamese_syllables,hầu | đắp | ủng,no exact match in corpus/candidate/final-real-word files,none_detected_by_heuristic,needs_manual_review,real Vietnamese syllables recombined into unattested sequence
xây trạng ráo,3,high,v3_recombined_attested_vietnamese_syllables,xây | trạng | ráo,no exact match in corpus/candidate/final-real-word files,none_detected_by_heuristic,needs_manual_review,real Vietnamese syllables recombined into unattested sequence
lượt sắm thoại,3,high,v3_recombined_attested_vietnamese_syllables,lượt | sắm | thoại,no exact match in corpus/candidate/final-real-word files,none_detected_by_heuristic,needs_manual_review,real Vietnamese syllables recombined into unattested sequence
đốc ngần đạt,3,high,v3_recombined_attested_vietnamese_syllables,đốc | ngần | đạt,no exact match in corpus/candidate/final-real-word files,none_detected_by_heuristic,needs_manual_review,real Vietnamese syllables recombined into unattested sequence
mịn huyện giãn,3,high,v3_recombined_attested_vietnamese_syllables,mịn | huyện | giãn,no exact match in corpus/candidate/final-real-word files,none_detected_by_heuristic,needs_manual_review,real Vietnamese syllables recombined into unattested sequence
ngưỡng ngực cơm,3,high,v3_recombined_attested_vietnamese_syllables,ngưỡng | ngực | cơm,no exact match in corpus/candidate/final-real-word files,none_detected_by_heuristic,needs_manual_review,real Vietnamese syllables recombined into unattested sequence
đáo nhàm viện,3,high,v3_recombined_attested_vietnamese_syllables,đáo | nhàm | viện,no exact match in corpus/candidate/final-real-word files,none_detected_by_heuristic,needs_manual_review,real Vietnamese syllables recombined into unattested sequence
nhăng cơn trời,3,high,v3_recombined_attested_vietnamese_syllables,nhăng | cơn | trời,no exact match in corpus/candidate/final-real-word files,none_detected_by_heuristic,needs_manual_review,real Vietnamese syllables recombined into unattested sequence
nhôm mùng tuyết,3,high,v3_recombined_attested_vietnamese_syllables,nhôm | mùng | tuyết,no exact match in corpus/candidate/final-real-word files,none_detected_by_heuristic,needs_manual_review,real Vietnamese syllables recombined into unattested sequence
rách nút thắm,3,high,v3_recombined_attested_vietnamese_syllables,rách | nút | thắm,no exact match in corpus/candidate/final-real-word files,none_detected_by_heuristic,needs_manual_review,real Vietnamese syllables recombined into unattested sequence
trà nhựa lập,3,high,v3_recombined_attested_vietnamese_syllables,trà | nhựa | lập,no exact match in corpus/candidate/final-real-word files,none_detected_by_heuristic,needs_manual_review,real Vietnamese syllables recombined into unattested sequence
phóng ngột dãi,3,high,v3_recombined_attested_vietnamese_syllables,phóng | ngột | dãi,no exact match in corpus/candidate/final-real-word files,none_detected_by_heuristic,needs_manual_review,real Vietnamese syllables recombined into unattested sequence
phán đam trốn,3,high,v3_recombined_attested_vietnamese_syllables,phán | đam | trốn,no exact match in corpus/candidate/final-real-word files,none_detected_by_heuristic,needs_manual_review,real Vietnamese syllables recombined into unattested sequence
tăm chép đàng,3,high,v3_recombined_attested_vietnamese_syllables,tăm | chép | đàng,no exact match in corpus/candidate/final-real-word files,none_detected_by_heuristic,needs_manual_review,real Vietnamese syllables recombined into unattested sequence
xéo răng rải,3,high,v3_recombined_attested_vietnamese_syllables,xéo | răng | rải,no exact match in corpus/candidate/final-real-word files,none_detected_by_heuristic,needs_manual_review,real Vietnamese syllables recombined into unattested sequence
lớp nghệ kêu,3,high,v3_recombined_attested_vietnamese_syllables,lớp | nghệ | kêu,no exact match in corpus/candidate/final-real-word files,none_detected_by_heuristic,needs_manual_review,real Vietnamese syllables recombined into unattested sequence
cài rốt cẩm,3,high,v3_recombined_attested_vietnamese_syllables,cài | rốt | cẩm,no exact match in corpus/candidate/final-real-word files,none_detected_by_heuristic,needs_manual_review,real Vietnamese syllables recombined into unattested sequence
nằm xoá vắt,3,high,v3_recombined_attested_vietnamese_syllables,nằm | xoá | vắt,no exact match in corpus/candidate/final-real-word files,none_detected_by_heuristic,needs_manual_review,real Vietnamese syllables recombined into unattested sequence
nhát muỗng giản,3,high,v3_recombined_attested_vietnamese_syllables,nhát | muỗng | giản,no exact match in corpus/candidate/final-real-word files,none_detected_by_heuristic,needs_manual_review,real Vietnamese syllables recombined into unattested sequence
hân hàu họa,3,high,v3_recombined_attested_vietnamese_syllables,hân | hàu | họa,no exact match in corpus/candidate/final-real-word files,none_detected_by_heuristic,needs_manual_review,real Vietnamese syllables recombined into unattested sequence
thuyết tiệm thăng,3,high,v3_recombined_attested_vietnamese_syllables,thuyết | tiệm | thăng,no exact match in corpus/candidate/final-real-word files,none_detected_by_heuristic,needs_manual_review,real Vietnamese syllables recombined into unattested sequence
ngắn tiếc chúng,3,high,v3_recombined_attested_vietnamese_syllables,ngắn | tiếc | chúng,no exact match in corpus/candidate/final-real-word files,none_detected_by_heuristic,needs_manual_review,real Vietnamese syllables recombined into unattested sequence
bám đeo sơn,3,high,v3_recombined_attested_vietnamese_syllables,bám | đeo | sơn,no exact match in corpus/candidate/final-real-word files,none_detected_by_heuristic,needs_manual_review,real Vietnamese syllables recombined into unattested sequence
dàn mồi gác,3,high,v3_recombined_attested_vietnamese_syllables,dàn | mồi | gác,no exact match in corpus/candidate/final-real-word files,none_detected_by_heuristic,needs_manual_review,real Vietnamese syllables recombined into unattested sequence
hẹn thuật tặng,3,high,v3_recombined_attested_vietnamese_syllables,hẹn | thuật | tặng,no exact match in corpus/candidate/final-real-word files,none_detected_by_heuristic,needs_manual_review,real Vietnamese syllables recombined into unattested sequence
bọc lợp lạc,3,high,v3_recombined_attested_vietnamese_syllables,bọc | lợp | lạc,no exact match in corpus/candidate/final-real-word files,none_detected_by_heuristic,needs_manual_review,real Vietnamese syllables recombined into unattested sequence
chữ cương giỏ,3,high,v3_recombined_attested_vietnamese_syllables,chữ | cương | giỏ,no exact match in corpus/candidate/final-real-word files,none_detected_by_heuristic,needs_manual_review,real Vietnamese syllables recombined into unattested sequence
lăn nghỉ giường,3,high,v3_recombined_attested_vietnamese_syllables,lăn | nghỉ | giường,no exact match in corpus/candidate/final-real-word files,none_detected_by_heuristic,needs_manual_review,real Vietnamese syllables recombined into unattested sequence
căng mục thấm,3,high,v3_recombined_attested_vietnamese_syllables,căng | mục | thấm,no exact match in corpus/candidate/final-real-word files,none_detected_by_heuristic,needs_manual_review,real Vietnamese syllables recombined into unattested sequence
tầng nguội tín,3,high,v3_recombined_attested_vietnamese_syllables,tầng | nguội | tín,no exact match in corpus/candidate/final-real-word files,none_detected_by_heuristic,needs_manual_review,real Vietnamese syllables recombined into unattested sequence
đùa thống săn,3,high,v3_recombined_attested_vietnamese_syllables,đùa | thống | săn,no exact match in corpus/candidate/final-real-word files,none_detected_by_heuristic,needs_manual_review,real Vietnamese syllables recombined into unattested sequence
luyến lành ngược tiến,4,high,v3_recombined_attested_vietnamese_syllables,luyến | lành | ngược | tiến,no exact match in corpus/candidate/final-real-word files,none_detected_by_heuristic,needs_manual_review,real Vietnamese syllables recombined into unattested sequence
tải nén hờn đĩa,4,high,v3_recombined_attested_vietnamese_syllables,tải | nén | hờn | đĩa,no exact match in corpus/candidate/final-real-word files,none_detected_by_heuristic,needs_manual_review,real Vietnamese syllables recombined into unattested sequence
ngậy bày bạch tây,4,high,v3_recombined_attested_vietnamese_syllables,ngậy | bày | bạch | tây,no exact match in corpus/candidate/final-real-word files,none_detected_by_heuristic,needs_manual_review,real Vietnamese syllables recombined into unattested sequence
dừa đĩa nhọn bén,4,high,v3_recombined_attested_vietnamese_syllables,dừa | đĩa | nhọn | bén,no exact match in corpus/candidate/final-real-word files,none_detected_by_heuristic,needs_manual_review,real Vietnamese syllables recombined into unattested sequence
tơi luận cốt nửa,4,high,v3_recombined_attested_vietnamese_syllables,tơi | luận | cốt | nửa,no exact match in corpus/candidate/final-real-word files,none_detected_by_heuristic,needs_manual_review,real Vietnamese syllables recombined into unattested sequence
răm hiệu sạn chợt,4,high,v3_recombined_attested_vietnamese_syllables,răm | hiệu | sạn | chợt,no exact match in corpus/candidate/final-real-word files,none_detected_by_heuristic,needs_manual_review,real Vietnamese syllables recombined into unattested sequence
bọc lẫn cặp nàn,4,high,v3_recombined_attested_vietnamese_syllables,bọc | lẫn | cặp | nàn,no exact match in corpus/candidate/final-real-word files,none_detected_by_heuristic,needs_manual_review,real Vietnamese syllables recombined into unattested sequence
tựa lập núi bưởi,4,high,v3_recombined_attested_vietnamese_syllables,tựa | lập | núi | bưởi,no exact match in corpus/candidate/final-real-word files,none_detected_by_heuristic,needs_manual_review,real Vietnamese syllables recombined into unattested sequence
răm chắn kiện chợ,4,high,v3_recombined_attested_vietnamese_syllables,răm | chắn | kiện | chợ,no exact match in corpus/candidate/final-real-word files,none_detected_by_heuristic,needs_manual_review,real Vietnamese syllables recombined into unattested sequence
ánh mầu mắn tĩnh,4,high,v3_recombined_attested_vietnamese_syllables,ánh | mầu | mắn | tĩnh,no exact match in corpus/candidate/final-real-word files,none_detected_by_heuristic,needs_manual_review,real Vietnamese syllables recombined into unattested sequence
phía cổng đệm hoại,4,high,v3_recombined_attested_vietnamese_syllables,phía | cổng | đệm | hoại,no exact match in corpus/candidate/final-real-word files,none_detected_by_heuristic,needs_manual_review,real Vietnamese syllables recombined into unattested sequence
chào thoảng sợi phía,4,high,v3_recombined_attested_vietnamese_syllables,chào | thoảng | sợi | phía,no exact match in corpus/candidate/final-real-word files,none_detected_by_heuristic,needs_manual_review,real Vietnamese syllables recombined into unattested sequence
gốm phóng đứt bậc,4,high,v3_recombined_attested_vietnamese_syllables,gốm | phóng | đứt | bậc,no exact match in corpus/candidate/final-real-word files,none_detected_by_heuristic,needs_manual_review,real Vietnamese syllables recombined into unattested sequence
phút sành độc ống,4,high,v3_recombined_attested_vietnamese_syllables,phút | sành | độc | ống,no exact match in corpus/candidate/final-real-word files,none_detected_by_heuristic,needs_manual_review,real Vietnamese syllables recombined into unattested sequence
lót hiếu sặc mạng,4,high,v3_recombined_attested_vietnamese_syllables,lót | hiếu | sặc | mạng,no exact match in corpus/candidate/final-real-word files,none_detected_by_heuristic,needs_manual_review,real Vietnamese syllables recombined into unattested sequence
nguyễn già ngại nêm,4,high,v3_recombined_attested_vietnamese_syllables,nguyễn | già | ngại | nêm,no exact match in corpus/candidate/final-real-word files,none_detected_by_heuristic,needs_manual_review,real Vietnamese syllables recombined into unattested sequence
hẳn vĩnh rào đợi,4,high,v3_recombined_attested_vietnamese_syllables,hẳn | vĩnh | rào | đợi,no exact match in corpus/candidate/final-real-word files,none_detected_by_heuristic,needs_manual_review,real Vietnamese syllables recombined into unattested sequence
ngô dừng cào rách,4,high,v3_recombined_attested_vietnamese_syllables,ngô | dừng | cào | rách,no exact match in corpus/candidate/final-real-word files,none_detected_by_heuristic,needs_manual_review,real Vietnamese syllables recombined into unattested sequence
hến phê nhàm ngực,4,high,v3_recombined_attested_vietnamese_syllables,hến | phê | nhàm | ngực,no exact match in corpus/candidate/final-real-word files,none_detected_by_heuristic,needs_manual_review,real Vietnamese syllables recombined into unattested sequence
hòa họp cẩm ngợi,4,high,v3_recombined_attested_vietnamese_syllables,hòa | họp | cẩm | ngợi,no exact match in corpus/candidate/final-real-word files,none_detected_by_heuristic,needs_manual_review,real Vietnamese syllables recombined into unattested sequence
ngọc vãn đuông tốn,4,high,v3_recombined_attested_vietnamese_syllables,ngọc | vãn | đuông | tốn,no exact match in corpus/candidate/final-real-word files,none_detected_by_heuristic,needs_manual_review,real Vietnamese syllables recombined into unattested sequence
địa nguyện quà bống,4,high,v3_recombined_attested_vietnamese_syllables,địa | nguyện | quà | bống,no exact match in corpus/candidate/final-real-word files,none_detected_by_heuristic,needs_manual_review,real Vietnamese syllables recombined into unattested sequence
nghỉ xiêm cốt đớn,4,high,v3_recombined_attested_vietnamese_syllables,nghỉ | xiêm | cốt | đớn,no exact match in corpus/candidate/final-real-word files,none_detected_by_heuristic,needs_manual_review,real Vietnamese syllables recombined into unattested sequence
ứng kính gối chì,4,high,v3_recombined_attested_vietnamese_syllables,ứng | kính | gối | chì,no exact match in corpus/candidate/final-real-word files,none_detected_by_heuristic,needs_manual_review,real Vietnamese syllables recombined into unattested sequence
ngươi đúc ngoại lệch,4,high,v3_recombined_attested_vietnamese_syllables,ngươi | đúc | ngoại | lệch,no exact match in corpus/candidate/final-real-word files,none_detected_by_heuristic,needs_manual_review,real Vietnamese syllables recombined into unattested sequence
gượng nghiên thờ biểu,4,high,v3_recombined_attested_vietnamese_syllables,gượng | nghiên | thờ | biểu,no exact match in corpus/candidate/final-real-word files,none_detected_by_heuristic,needs_manual_review,real Vietnamese syllables recombined into unattested sequence
mèo hoạt gốm hứng,4,high,v3_recombined_attested_vietnamese_syllables,mèo | hoạt | gốm | hứng,no exact match in corpus/candidate/final-real-word files,none_detected_by_heuristic,needs_manual_review,real Vietnamese syllables recombined into unattested sequence
bốc buổi sạn dịu,4,high,v3_recombined_attested_vietnamese_syllables,bốc | buổi | sạn | dịu,no exact match in corpus/candidate/final-real-word files,none_detected_by_heuristic,needs_manual_review,real Vietnamese syllables recombined into unattested sequence
móc cối cháu chợ,4,high,v3_recombined_attested_vietnamese_syllables,móc | cối | cháu | chợ,no exact match in corpus/candidate/final-real-word files,none_detected_by_heuristic,needs_manual_review,real Vietnamese syllables recombined into unattested sequence
muỗng giành hại dám,4,high,v3_recombined_attested_vietnamese_syllables,muỗng | giành | hại | dám,no exact match in corpus/candidate/final-real-word files,none_detected_by_heuristic,needs_manual_review,real Vietnamese syllables recombined into unattested sequence
hướng hận kiều tầm,4,high,v3_recombined_attested_vietnamese_syllables,hướng | hận | kiều | tầm,no exact match in corpus/candidate/final-real-word files,none_detected_by_heuristic,needs_manual_review,real Vietnamese syllables recombined into unattested sequence
cào dừa ngâm chữa,4,high,v3_recombined_attested_vietnamese_syllables,cào | dừa | ngâm | chữa,no exact match in corpus/candidate/final-real-word files,none_detected_by_heuristic,needs_manual_review,real Vietnamese syllables recombined into unattested sequence
chạm ngồi xuôi rưới,4,high,v3_recombined_attested_vietnamese_syllables,chạm | ngồi | xuôi | rưới,no exact match in corpus/candidate/final-real-word files,none_detected_by_heuristic,needs_manual_review,real Vietnamese syllables recombined into unattested sequence
dép xứng dường vững,4,high,v3_recombined_attested_vietnamese_syllables,dép | xứng | dường | vững,no exact match in corpus/candidate/final-real-word files,none_detected_by_heuristic,needs_manual_review,real Vietnamese syllables recombined into unattested sequence
ngồi phút thiếu ngữ,4,high,v3_recombined_attested_vietnamese_syllables,ngồi | phút | thiếu | ngữ,no exact match in corpus/candidate/final-real-word files,none_detected_by_heuristic,needs_manual_review,real Vietnamese syllables recombined into unattested sequence
kiểm thắm chứng vọng,4,high,v3_recombined_attested_vietnamese_syllables,kiểm | thắm | chứng | vọng,no exact match in corpus/candidate/final-real-word files,none_detected_by_heuristic,needs_manual_review,real Vietnamese syllables recombined into unattested sequence
đốc quáng trì rồng,4,high,v3_recombined_attested_vietnamese_syllables,đốc | quáng | trì | rồng,no exact match in corpus/candidate/final-real-word files,none_detected_by_heuristic,needs_manual_review,real Vietnamese syllables recombined into unattested sequence
đựng hữu chớ lạng,4,high,v3_recombined_attested_vietnamese_syllables,đựng | hữu | chớ | lạng,no exact match in corpus/candidate/final-real-word files,none_detected_by_heuristic,needs_manual_review,real Vietnamese syllables recombined into unattested sequence
cổng dưa nồi cấu,4,high,v3_recombined_attested_vietnamese_syllables,cổng | dưa | nồi | cấu,no exact match in corpus/candidate/final-real-word files,none_detected_by_heuristic,needs_manual_review,real Vietnamese syllables recombined into unattested sequence
giặt huế dằn đãi,4,high,v3_recombined_attested_vietnamese_syllables,giặt | huế | dằn | đãi,no exact match in corpus/candidate/final-real-word files,none_detected_by_heuristic,needs_manual_review,real Vietnamese syllables recombined into unattested sequence
sắm xốp dạng rưới,4,high,v3_recombined_attested_vietnamese_syllables,sắm | xốp | dạng | rưới,no exact match in corpus/candidate/final-real-word files,none_detected_by_heuristic,needs_manual_review,real Vietnamese syllables recombined into unattested sequence
nhắn tận tông phán,4,high,v3_recombined_attested_vietnamese_syllables,nhắn | tận | tông | phán,no exact match in corpus/candidate/final-real-word files,none_detected_by_heuristic,needs_manual_review,real Vietnamese syllables recombined into unattested sequence
thấm hỏng trống băng,4,high,v3_recombined_attested_vietnamese_syllables,thấm | hỏng | trống | băng,no exact match in corpus/candidate/final-real-word files,none_detected_by_heuristic,needs_manual_review,real Vietnamese syllables recombined into unattested sequence
ruột chữa hoạch tốn,4,high,v3_recombined_attested_vietnamese_syllables,ruột | chữa | hoạch | tốn,no exact match in corpus/candidate/final-real-word files,none_detected_by_heuristic,needs_manual_review,real Vietnamese syllables recombined into unattested sequence
kèm mái phấn ruột,4,high,v3_recombined_attested_vietnamese_syllables,kèm | mái | phấn | ruột,no exact match in corpus/candidate/final-real-word files,none_detected_by_heuristic,needs_manual_review,real Vietnamese syllables recombined into unattested sequence
đạc muội xấu nâu,4,high,v3_recombined_attested_vietnamese_syllables,đạc | muội | xấu | nâu,no exact match in corpus/candidate/final-real-word files,none_detected_by_heuristic,needs_manual_review,real Vietnamese syllables recombined into unattested sequence
thánh sôi cặn tơi,4,high,v3_recombined_attested_vietnamese_syllables,thánh | sôi | cặn | tơi,no exact match in corpus/candidate/final-real-word files,none_detected_by_heuristic,needs_manual_review,real Vietnamese syllables recombined into unattested sequence
kiếm đun răng nhạc,4,high,v3_recombined_attested_vietnamese_syllables,kiếm | đun | răng | nhạc,no exact match in corpus/candidate/final-real-word files,none_detected_by_heuristic,needs_manual_review,real Vietnamese syllables recombined into unattested sequence
vắt mọc ngạc nhúng,4,high,v3_recombined_attested_vietnamese_syllables,vắt | mọc | ngạc | nhúng,no exact match in corpus/candidate/final-real-word files,none_detected_by_heuristic,needs_manual_review,real Vietnamese syllables recombined into unattested sequence
nỗi thoảng dáng húng,4,high,v3_recombined_attested_vietnamese_syllables,nỗi | thoảng | dáng | húng,no exact match in corpus/candidate/final-real-word files,none_detected_by_heuristic,needs_manual_review,real Vietnamese syllables recombined into unattested sequence
mặc chả kính cắn,4,high,v3_recombined_attested_vietnamese_syllables,mặc | chả | kính | cắn,no exact match in corpus/candidate/final-real-word files,none_detected_by_heuristic,needs_manual_review,real Vietnamese syllables recombined into unattested sequence
bùi dương tục trà,4,high,v3_recombined_attested_vietnamese_syllables,bùi | dương | tục | trà,no exact match in corpus/candidate/final-real-word files,none_detected_by_heuristic,needs_manual_review,real Vietnamese syllables recombined into unattested sequence
vốn giếng đăng ngô,4,high,v3_recombined_attested_vietnamese_syllables,vốn | giếng | đăng | ngô,no exact match in corpus/candidate/final-real-word files,none_detected_by_heuristic,needs_manual_review,real Vietnamese syllables recombined into unattested sequence
tổng đuổi xài phục,4,high,v3_recombined_attested_vietnamese_syllables,tổng | đuổi | xài | phục,no exact match in corpus/candidate/final-real-word files,none_detected_by_heuristic,needs_manual_review,real Vietnamese syllables recombined into unattested sequence
gũi dây hôm đùa,4,high,v3_recombined_attested_vietnamese_syllables,gũi | dây | hôm | đùa,no exact match in corpus/candidate/final-real-word files,none_detected_by_heuristic,needs_manual_review,real Vietnamese syllables recombined into unattested sequence
tôn trưng trụ tắt,4,high,v3_recombined_attested_vietnamese_syllables,tôn | trưng | trụ | tắt,no exact match in corpus/candidate/final-real-word files,none_detected_by_heuristic,needs_manual_review,real Vietnamese syllables recombined into unattested sequence
sắm đòi trợ trục,4,high,v3_recombined_attested_vietnamese_syllables,sắm | đòi | trợ | trục,no exact match in corpus/candidate/final-real-word files,none_detected_by_heuristic,needs_manual_review,real Vietnamese syllables recombined into unattested sequence
cởi luận hút chiếm,4,high,v3_recombined_attested_vietnamese_syllables,cởi | luận | hút | chiếm,no exact match in corpus/candidate/final-real-word files,none_detected_by_heuristic,needs_manual_review,real Vietnamese syllables recombined into unattested sequence
phê đam đắn mùng,4,high,v3_recombined_attested_vietnamese_syllables,phê | đam | đắn | mùng,no exact match in corpus/candidate/final-real-word files,none_detected_by_heuristic,needs_manual_review,real Vietnamese syllables recombined into unattested sequence
lưng váy đám cỏi,4,high,v3_recombined_attested_vietnamese_syllables,lưng | váy | đám | cỏi,no exact match in corpus/candidate/final-real-word files,none_detected_by_heuristic,needs_manual_review,real Vietnamese syllables recombined into unattested sequence
bát lâm nhặt chẻ,4,high,v3_recombined_attested_vietnamese_syllables,bát | lâm | nhặt | chẻ,no exact match in corpus/candidate/final-real-word files,none_detected_by_heuristic,needs_manual_review,real Vietnamese syllables recombined into unattested sequence
tránh vấp chớ ruột,4,high,v3_recombined_attested_vietnamese_syllables,tránh | vấp | chớ | ruột,no exact match in corpus/candidate/final-real-word files,none_detected_by_heuristic,needs_manual_review,real Vietnamese syllables recombined into unattested sequence
hưởng tảo đậy mút,4,high,v3_recombined_attested_vietnamese_syllables,hưởng | tảo | đậy | mút,no exact match in corpus/candidate/final-real-word files,none_detected_by_heuristic,needs_manual_review,real Vietnamese syllables recombined into unattested sequence
trút kiều chạm mút,4,high,v3_recombined_attested_vietnamese_syllables,trút | kiều | chạm | mút,no exact match in corpus/candidate/final-real-word files,none_detected_by_heuristic,needs_manual_review,real Vietnamese syllables recombined into unattested sequence
quân hiểm chải nhịn,4,high,v3_recombined_attested_vietnamese_syllables,quân | hiểm | chải | nhịn,no exact match in corpus/candidate/final-real-word files,none_detected_by_heuristic,needs_manual_review,real Vietnamese syllables recombined into unattested sequence
vân yếu nhóm tám,4,high,v3_recombined_attested_vietnamese_syllables,vân | yếu | nhóm | tám,no exact match in corpus/candidate/final-real-word files,none_detected_by_heuristic,needs_manual_review,real Vietnamese syllables recombined into unattested sequence
góp đăng vọng nhạy,4,high,v3_recombined_attested_vietnamese_syllables,góp | đăng | vọng | nhạy,no exact match in corpus/candidate/final-real-word files,none_detected_by_heuristic,needs_manual_review,real Vietnamese syllables recombined into unattested sequence
nổi lông mục thống,4,high,v3_recombined_attested_vietnamese_syllables,nổi | lông | mục | thống,no exact match in corpus/candidate/final-real-word files,none_detected_by_heuristic,needs_manual_review,real Vietnamese syllables recombined into unattested sequence
nhựa phó thổ vòng,4,high,v3_recombined_attested_vietnamese_syllables,nhựa | phó | thổ | vòng,no exact match in corpus/candidate/final-real-word files,none_detected_by_heuristic,needs_manual_review,real Vietnamese syllables recombined into unattested sequence
chỉnh chuỗi thác lão,4,high,v3_recombined_attested_vietnamese_syllables,chỉnh | chuỗi | thác | lão,no exact match in corpus/candidate/final-real-word files,none_detected_by_heuristic,needs_manual_review,real Vietnamese syllables recombined into unattested sequence
tên dương thô tập,4,high,v3_recombined_attested_vietnamese_syllables,tên | dương | thô | tập,no exact match in corpus/candidate/final-real-word files,none_detected_by_heuristic,needs_manual_review,real Vietnamese syllables recombined into unattested sequence
giặt dọc tận chuông,4,high,v3_recombined_attested_vietnamese_syllables,giặt | dọc | tận | chuông,no exact match in corpus/candidate/final-real-word files,none_detected_by_heuristic,needs_manual_review,real Vietnamese syllables recombined into unattested sequence
xào nệm vời ước,4,high,v3_recombined_attested_vietnamese_syllables,xào | nệm | vời | ước,no exact match in corpus/candidate/final-real-word files,none_detected_by_heuristic,needs_manual_review,real Vietnamese syllables recombined into unattested sequence
lưỡng cánh biên cỏi,4,high,v3_recombined_attested_vietnamese_syllables,lưỡng | cánh | biên | cỏi,no exact match in corpus/candidate/final-real-word files,none_detected_by_heuristic,needs_manual_review,real Vietnamese syllables recombined into unattested sequence
phổ biểu hùng dẹp,4,high,v3_recombined_attested_vietnamese_syllables,phổ | biểu | hùng | dẹp,no exact match in corpus/candidate/final-real-word files,none_detected_by_heuristic,needs_manual_review,real Vietnamese syllables recombined into unattested sequence
chụp tám nhậu tấm,4,high,v3_recombined_attested_vietnamese_syllables,chụp | tám | nhậu | tấm,no exact match in corpus/candidate/final-real-word files,none_detected_by_heuristic,needs_manual_review,real Vietnamese syllables recombined into unattested sequence
đạc ngược nghệ hàu,4,high,v3_recombined_attested_vietnamese_syllables,đạc | ngược | nghệ | hàu,no exact match in corpus/candidate/final-real-word files,none_detected_by_heuristic,needs_manual_review,real Vietnamese syllables recombined into unattested sequence
đạt mềm phộng rối,4,high,v3_recombined_attested_vietnamese_syllables,đạt | mềm | phộng | rối,no exact match in corpus/candidate/final-real-word files,none_detected_by_heuristic,needs_manual_review,real Vietnamese syllables recombined into unattested sequence
cực tần quản chết,4,high,v3_recombined_attested_vietnamese_syllables,cực | tần | quản | chết,no exact match in corpus/candidate/final-real-word files,none_detected_by_heuristic,needs_manual_review,real Vietnamese syllables recombined into unattested sequence
chát tĩnh chì thắm,4,high,v3_recombined_attested_vietnamese_syllables,chát | tĩnh | chì | thắm,no exact match in corpus/candidate/final-real-word files,none_detected_by_heuristic,needs_manual_review,real Vietnamese syllables recombined into unattested sequence
